source_id,source_name,region,country,language,homepage_url,rss_url,source_type,priority,entry_url_type,crawl_strategy,mvp_status,notes,access_notes,feasibility_grade,feasibility_reason,recommended_phase,mvp_selected,mvp_rank,mvp_role,mvp_inclusion_reason,first_fetch_mode,mvp_fetch_phase,fallback_handling
official_fifa_scores_fixtures,FIFA World Cup 2026 Scores & Fixtures,Global,Global,en,https://www.fifa.com/en/tournaments/mens/worldcup/canadamexicousa2026/scores-fixtures,,official,high,fixture_page,fixture_parse,test,"Official FIFA scores and fixtures page; better candidate for live scores, results and upcoming fixtures than the schedule article.",dynamic_page_possible; test_html_or_embedded_data; primary_fixture_candidate,C,Official but likely dynamic; test parse before relying on automation.,MVP-test,yes,1,official_fixture_primary,"Official live scores/fixtures candidate; test parsing first, but use as the main authoritative fixture source if stable.",fixture_parse,primary,"If fetch fails, keep previous cached JSON and mark source_status as failed; do not block full build."
sky_worldcup_scores_fixtures,Sky Sports FIFA World Cup Scores & Fixtures,UK / Global,United Kingdom,en,https://www.skysports.com/fifa-world-cup-scores-fixtures,,media_fixture,medium,fixture_page,fixture_parse,test,Secondary fixture source for cross-checking match times and matchups; useful if FIFA page is difficult to parse.,secondary_schedule_source; verify_timezone_handling,B,Potentially parseable fixture page; useful as secondary schedule validation.,MVP-test,yes,2,official_fixture_backup,Readable secondary fixture source for cross-checking match times and fallback fixture extraction.,fixture_parse,primary,"If fetch fails, keep previous cached JSON and mark source_status as failed; do not block full build."
official_fifa_schedule_article,FIFA World Cup 2026 Official Match Schedule Article,Global,Global,en,https://www.fifa.com/en/tournaments/mens/worldcup/canadamexicousa2026/articles/match-schedule-fixtures-results-teams-stadiums,,official,high,fixture_reference_article,manual_check_or_light_html_parse,include_as_reference,"FIFA official article-style schedule page; useful as authoritative reference for match schedule, venues and results, but should not be the only automated fixture source.",article_page; child_match_pages_possible; use_for_validation_not_primary_live_updates,D,Authoritative but article-like page; useful for validation rather than stable automated hot-topic feed.,reference,yes,3,official_fixture_reference,"Authoritative article schedule reference; use for manual validation and static schedule checks, not as main automated feed.",manual_reference,reference,Use as manual validation/reference only; do not block automated pipeline.
media_bbc_sport_football,BBC Sport Football,UK / Global,United Kingdom,en,https://www.bbc.co.uk/sport/football,https://feeds.bbci.co.uk/sport/football/rss.xml,media,high,rss,rss,include,"Reliable UK football news, scores, fixtures and analysis. Use RSS first rather than complex homepage scraping.",rss_available; good_mvp_source,A,"RSS or feed-like source can be consumed directly using title, link, summary and time.",MVP,yes,4,rss_media_core,A-grade broad football feed; stable enough for first RSS ingestion and UK/global coverage.,rss,primary,"If fetch fails, keep previous cached JSON and mark source_status as failed; do not block full build."
media_guardian_football,The Guardian Football,UK / Global,United Kingdom,en,https://www.theguardian.com/football,https://www.theguardian.com/football/rss,media,high,rss,rss,include,"Football news, comments and world football coverage. Use public RSS metadata; title/summary/URL are enough for topic detection.",rss_available; paywall_possible; use_title_summary_only,A,"RSS or feed-like source can be consumed directly using title, link, summary and time.",MVP,yes,5,rss_media_core,A-grade football RSS-style source; good metadata and headline quality for topic clustering.,rss,primary,"If fetch fails, keep previous cached JSON and mark source_status as failed; do not block full build."
forum_reddit_soccer,Reddit r/soccer,Global / English-speaking,Global,en,https://www.reddit.com/r/soccer/,https://www.reddit.com/r/soccer/.rss,forum,high,rss,rss,include,"English global football discussion; useful for fan debates, controversy detection and discussion-heavy topics.",rss_available; respect_rate_limits; forum_quality_varies,A,Public subreddit RSS can be consumed directly if the feed URL is correct.,MVP,yes,6,forum_discussion_core,High-volume English global football discussion source; useful for fan-side topic signals.,rss,primary,"If fetch fails, keep previous cached JSON and mark source_status as failed; do not block full build."
forum_reddit_worldcup,Reddit r/worldcup,Global / English-speaking,Global,en,https://www.reddit.com/r/worldcup/,https://www.reddit.com/r/ussoccer/.rss,forum,high,rss,rss,include,"Reddit public community feed. Useful for fan discussion, controversy detection and non-media topic discovery.",rss_available_or_to_verify; respect_rate_limits; forum_noise_possible,A,Public subreddit RSS can be consumed directly if the feed URL is correct.,MVP,yes,7,forum_discussion_core,World Cup-specific Reddit source; useful for tournament-focused discussion if URL/feed is verified.,rss,primary,"If fetch fails, keep previous cached JSON and mark source_status as failed; do not block full build."
media_espn_soccer_worldcup,ESPN Soccer Worldcup Page,Global / US,United States,en,https://www.espn.com/soccer/worldcup/,,media,high,worldcup_topic_page,html_list_test,test,World Cup topic page. Prefer this over a broad football homepage when HTML list structure is stable.,html_structure_to_verify; many_modules_possible; use_title_summary_only,B,"Topic page is relevant and likely parseable, but selectors and dynamic modules need testing.",MVP-test,yes,8,media_topic_core,Major global/US sports brand with World Cup topic page; valuable even if HTML parsing needs testing.,html_list_test,primary,"If fetch fails, keep previous cached JSON and mark source_status as failed; do not block full build."
media_reuters_soccer,Reuters Soccer,Global,Global,en,https://www.reuters.com/sports/soccer/,,media,medium,news_list,html_list_test,test,"International wire-service soccer news. Strong credibility, but public sports RSS availability needs verification.",rss_not_confirmed; possible_dynamic_page; title_url_time_only,B,Section page may contain relevant links but likely has mixed modules; test before MVP inclusion.,MVP-test,yes,9,wire_media_core,Global wire-style soccer source; high credibility and good signal for major tournament news.,html_list_test,primary,"If fetch fails, keep previous cached JSON and mark source_status as failed; do not block full build."
media_sky_sports_football_news,Sky Sports Football News Page,UK / Europe,United Kingdom,en,https://www.skysports.com/football/news,,media,medium,news_list,html_list_test,test,Football or sports news listing. Useful if the list page exposes stable article cards.,limited_items_possible; html_structure_to_verify; snapshot_history_needed,B,"News listing may be parseable, but item count and selector stability must be tested.",MVP-test,yes,10,media_news_core,"UK sports-specialist news list; useful for timely match previews, injuries, and tactical angles.",html_list_test,primary,"If fetch fails, keep previous cached JSON and mark source_status as failed; do not block full build."
media_espn_deportes_futbol_mundial,ESPN Deportes Fútbol Mundial,Latin America / US Hispanic,United States / Latin America,es,https://espndeportes.espn.com/futbol/liga/_/nombre/fifa.world,,media,high,worldcup_topic_page,html_list_test,test,World Cup topic page. Prefer this over a broad football homepage when HTML list structure is stable.,html_structure_to_verify; many_modules_possible; use_title_summary_only,B,"Topic page is relevant and likely parseable, but selectors and dynamic modules need testing.",MVP-test,yes,11,spanish_media_core,Major Spanish-language World Cup source; important for Latin American and Spanish-language coverage.,html_list_test,primary,"If fetch fails, keep previous cached JSON and mark source_status as failed; do not block full build."
media_goal_world_cup,Goal World Cup News Page,Global / US,United States,en,https://www.goal.com/en-us/world-cup/news/70excpe1synn9kadnbppahdn7,,media,high,worldcup_topic_page,html_list_test,test,World Cup topic page. Prefer this over a broad football homepage when HTML list structure is stable.,html_structure_to_verify; many_modules_possible; use_title_summary_only,B,"Topic page is relevant and likely parseable, but selectors and dynamic modules need testing.",MVP-test,yes,12,media_topic_core,Large football-specialist World Cup page; good for player/team-oriented headlines.,html_list_test,primary,"If fetch fails, keep previous cached JSON and mark source_status as failed; do not block full build."
media_ap_news_soccer,AP News Soccer,Global / US,United States,en,https://apnews.com/hub/soccer,,media,medium,news_list,html_list_test,test,Global wire-style soccer coverage. Useful for neutral news source and broad match stories.,html_structure_to_verify; limited_items_possible; title_summary_only,B,"Likely parseable news-list page, but selector stability should be tested.",MVP-test,yes,13,wire_media_core,Global wire/news source to complement Reuters and reduce single-source bias.,html_list_test,secondary,"If fetch fails, keep previous cached JSON and mark source_status as failed; do not block full build."
google_trends_sports_us,Google Trends Sports - United States,North America,United States,en,https://trends.google.com/trending?geo=US&category=17,,trends,medium,trend_page,trend_page_test,test,Google Trends Trending Now sports category page for a specific country/region. Do not use the default unfiltered Trends page.,dynamic_page; no_stable_official_free_api; high_value_but_needs_validation,C,"High-value trend signal, but dynamic page and export behavior must be tested before automation.",MVP-test,yes,14,trend_test_core,Host country and major media market; test sports-category Trending Now first.,trend_page_test,test,"If fetch fails, keep previous cached JSON and mark source_status as failed; do not block full build."
google_trends_sports_gb,Google Trends Sports - United Kingdom,Europe,United Kingdom,en,https://trends.google.com/trending?geo=GB&category=17,,trends,medium,trend_page,trend_page_test,test,Google Trends Trending Now sports category page for a specific country/region. Do not use the default unfiltered Trends page.,dynamic_page; no_stable_official_free_api; high_value_but_needs_validation,C,"High-value trend signal, but dynamic page and export behavior must be tested before automation.",MVP-test,yes,15,trend_test_core,Major English-language football market; useful benchmark for UK attention.,trend_page_test,test,"If fetch fails, keep previous cached JSON and mark source_status as failed; do not block full build."
google_trends_sports_br,Google Trends Sports - Brazil,Latin America,Brazil,pt,https://trends.google.com/trending?geo=BR&category=17,,trends,medium,trend_page,trend_page_test,test,Google Trends Trending Now sports category page for a specific country/region. Do not use the default unfiltered Trends page.,dynamic_page; no_stable_official_free_api; high_value_but_needs_validation,C,"High-value trend signal, but dynamic page and export behavior must be tested before automation.",MVP-test,yes,16,trend_test_core,Football powerhouse and Portuguese-language test case.,trend_page_test,test,"If fetch fails, keep previous cached JSON and mark source_status as failed; do not block full build."
google_trends_sports_ar,Google Trends Sports - Argentina,Latin America,Argentina,es,https://trends.google.com/trending?geo=AR&category=17,,trends,medium,trend_page,trend_page_test,test,Google Trends Trending Now sports category page for a specific country/region. Do not use the default unfiltered Trends page.,dynamic_page; no_stable_official_free_api; high_value_but_needs_validation,C,"High-value trend signal, but dynamic page and export behavior must be tested before automation.",MVP-test,yes,17,trend_test_core,Football powerhouse and Spanish-language/Latin America test case.,trend_page_test,test,"If fetch fails, keep previous cached JSON and mark source_status as failed; do not block full build."
google_trends_sports_es,Google Trends Sports - Spain,Europe,Spain,es,https://trends.google.com/trending?geo=ES&category=17,,trends,medium,trend_page,trend_page_test,test,Google Trends Trending Now sports category page for a specific country/region. Do not use the default unfiltered Trends page.,dynamic_page; no_stable_official_free_api; high_value_but_needs_validation,C,"High-value trend signal, but dynamic page and export behavior must be tested before automation.",MVP-test,yes,18,trend_test_core,Major European football market and Spanish-language comparison source.,trend_page_test,test,"If fetch fails, keep previous cached JSON and mark source_status as failed; do not block full build."
