match_id,match_number,round,group,home_team,away_team,matchup,matchup_code,display_matchup,date_beijing_text,time_beijing_text,display_time_beijing,city,stadium,kickoff_beijing,kickoff_utc,time_basis,status,source_note
M001,1,小组赛,A组,墨西哥,南非,墨西哥 vs 南非,墨西哥 vs 南非,墨西哥 vs 南非,6月12日,03:00,6月12日 03:00 北京时间,墨西哥城 (Mexico City),,2026-06-12T03:00:00+08:00,2026-06-11T19:00:00Z,uploaded latest schedule image uses Beijing time / GMT+8,scheduled,manually transcribed from the latest user-provided schedule image; do not use older HTML placeholder teams
M002,2,小组赛,A组,韩国,捷克,韩国 vs 捷克,韩国 vs 捷克,韩国 vs 捷克,6月12日,10:00,6月12日 10:00 北京时间,瓜达拉哈拉 (Guadalajara),,2026-06-12T10:00:00+08:00,2026-06-12T02:00:00Z,uploaded latest schedule image uses Beijing time / GMT+8,scheduled,manually transcribed from the latest user-provided schedule image; do not use older HTML placeholder teams
M003,3,小组赛,B组,加拿大,波黑,加拿大 vs 波黑,加拿大 vs 波黑,加拿大 vs 波黑,6月13日,03:00,6月13日 03:00 北京时间,多伦多 (Toronto),,2026-06-13T03:00:00+08:00,2026-06-12T19:00:00Z,uploaded latest schedule image uses Beijing time / GMT+8,scheduled,manually transcribed from the latest user-provided schedule image; do not use older HTML placeholder teams
M004,4,小组赛,D组,美国,巴拉圭,美国 vs 巴拉圭,美国 vs 巴拉圭,美国 vs 巴拉圭,6月13日,09:00,6月13日 09:00 北京时间,洛杉矶 (Los Angeles),,2026-06-13T09:00:00+08:00,2026-06-13T01:00:00Z,uploaded latest schedule image uses Beijing time / GMT+8,scheduled,manually transcribed from the latest user-provided schedule image; do not use older HTML placeholder teams
M005,5,小组赛,B组,卡塔尔,瑞士,卡塔尔 vs 瑞士,卡塔尔 vs 瑞士,卡塔尔 vs 瑞士,6月14日,03:00,6月14日 03:00 北京时间,圣克拉拉 (Santa Clara),,2026-06-14T03:00:00+08:00,2026-06-13T19:00:00Z,uploaded latest schedule image uses Beijing time / GMT+8,scheduled,manually transcribed from the latest user-provided schedule image; do not use older HTML placeholder teams
M006,6,小组赛,C组,巴西,摩洛哥,巴西 vs 摩洛哥,巴西 vs 摩洛哥,巴西 vs 摩洛哥,6月14日,06:00,6月14日 06:00 北京时间,纽约 (New York),,2026-06-14T06:00:00+08:00,2026-06-13T22:00:00Z,uploaded latest schedule image uses Beijing time / GMT+8,scheduled,manually transcribed from the latest user-provided schedule image; do not use older HTML placeholder teams
M007,7,小组赛,C组,海地,苏格兰,海地 vs 苏格兰,海地 vs 苏格兰,海地 vs 苏格兰,6月14日,09:00,6月14日 09:00 北京时间,马萨诸塞 (Massachusetts),,2026-06-14T09:00:00+08:00,2026-06-14T01:00:00Z,uploaded latest schedule image uses Beijing time / GMT+8,scheduled,manually transcribed from the latest user-provided schedule image; do not use older HTML placeholder teams
M008,8,小组赛,D组,澳大利亚,土耳其,澳大利亚 vs 土耳其,澳大利亚 vs 土耳其,澳大利亚 vs 土耳其,6月14日,12:00,6月14日 12:00 北京时间,温哥华 (Vancouver),,2026-06-14T12:00:00+08:00,2026-06-14T04:00:00Z,uploaded latest schedule image uses Beijing time / GMT+8,scheduled,manually transcribed from the latest user-provided schedule image; do not use older HTML placeholder teams
M009,9,小组赛,E组,德国,库拉索,德国 vs 库拉索,德国 vs 库拉索,德国 vs 库拉索,6月15日,01:00,6月15日 01:00 北京时间,休斯敦 (Houston),,2026-06-15T01:00:00+08:00,2026-06-14T17:00:00Z,uploaded latest schedule image uses Beijing time / GMT+8,scheduled,manually transcribed from the latest user-provided schedule image; do not use older HTML placeholder teams
M010,10,小组赛,F组,荷兰,日本,荷兰 vs 日本,荷兰 vs 日本,荷兰 vs 日本,6月15日,04:00,6月15日 04:00 北京时间,达拉斯 (Dallas),,2026-06-15T04:00:00+08:00,2026-06-14T20:00:00Z,uploaded latest schedule image uses Beijing time / GMT+8,scheduled,manually transcribed from the latest user-provided schedule image; do not use older HTML placeholder teams
M011,11,小组赛,E组,科特迪瓦,厄瓜多尔,科特迪瓦 vs 厄瓜多尔,科特迪瓦 vs 厄瓜多尔,科特迪瓦 vs 厄瓜多尔,6月15日,07:00,6月15日 07:00 北京时间,费城 (Philadelphia),,2026-06-15T07:00:00+08:00,2026-06-14T23:00:00Z,uploaded latest schedule image uses Beijing time / GMT+8,scheduled,manually transcribed from the latest user-provided schedule image; do not use older HTML placeholder teams
M012,12,小组赛,F组,瑞典,突尼斯,瑞典 vs 突尼斯,瑞典 vs 突尼斯,瑞典 vs 突尼斯,6月15日,10:00,6月15日 10:00 北京时间,蒙特雷 (Monterrey),,2026-06-15T10:00:00+08:00,2026-06-15T02:00:00Z,uploaded latest schedule image uses Beijing time / GMT+8,scheduled,manually transcribed from the latest user-provided schedule image; do not use older HTML placeholder teams
M013,13,小组赛,H组,西班牙,佛得角,西班牙 vs 佛得角,西班牙 vs 佛得角,西班牙 vs 佛得角,6月16日,00:00,6月16日 00:00 北京时间,亚特兰大 (Atlanta),,2026-06-16T00:00:00+08:00,2026-06-15T16:00:00Z,uploaded latest schedule image uses Beijing time / GMT+8,scheduled,manually transcribed from the latest user-provided schedule image; do not use older HTML placeholder teams
M014,14,小组赛,G组,比利时,埃及,比利时 vs 埃及,比利时 vs 埃及,比利时 vs 埃及,6月16日,03:00,6月16日 03:00 北京时间,西雅图 (Seattle),,2026-06-16T03:00:00+08:00,2026-06-15T19:00:00Z,uploaded latest schedule image uses Beijing time / GMT+8,scheduled,manually transcribed from the latest user-provided schedule image; do not use older HTML placeholder teams
M015,15,小组赛,H组,沙特阿拉伯,乌拉圭,沙特阿拉伯 vs 乌拉圭,沙特阿拉伯 vs 乌拉圭,沙特阿拉伯 vs 乌拉圭,6月16日,06:00,6月16日 06:00 北京时间,迈阿密 (Miami),,2026-06-16T06:00:00+08:00,2026-06-15T22:00:00Z,uploaded latest schedule image uses Beijing time / GMT+8,scheduled,manually transcribed from the latest user-provided schedule image; do not use older HTML placeholder teams
M016,16,小组赛,G组,伊朗,新西兰,伊朗 vs 新西兰,伊朗 vs 新西兰,伊朗 vs 新西兰,6月16日,09:00,6月16日 09:00 北京时间,洛杉矶 (Los Angeles),,2026-06-16T09:00:00+08:00,2026-06-16T01:00:00Z,uploaded latest schedule image uses Beijing time / GMT+8,scheduled,manually transcribed from the latest user-provided schedule image; do not use older HTML placeholder teams
M017,17,小组赛,I组,法国,塞内加尔,法国 vs 塞内加尔,法国 vs 塞内加尔,法国 vs 塞内加尔,6月17日,03:00,6月17日 03:00 北京时间,纽约 (New York),,2026-06-17T03:00:00+08:00,2026-06-16T19:00:00Z,uploaded latest schedule image uses Beijing time / GMT+8,scheduled,manually transcribed from the latest user-provided schedule image; do not use older HTML placeholder teams
M018,18,小组赛,I组,伊拉克,挪威,伊拉克 vs 挪威,伊拉克 vs 挪威,伊拉克 vs 挪威,6月17日,06:00,6月17日 06:00 北京时间,马萨诸塞 (Massachusetts),,2026-06-17T06:00:00+08:00,2026-06-16T22:00:00Z,uploaded latest schedule image uses Beijing time / GMT+8,scheduled,manually transcribed from the latest user-provided schedule image; do not use older HTML placeholder teams
M019,19,小组赛,J组,阿根廷,阿尔及利亚,阿根廷 vs 阿尔及利亚,阿根廷 vs 阿尔及利亚,阿根廷 vs 阿尔及利亚,6月17日,09:00,6月17日 09:00 北京时间,堪萨斯城 (Kansas City),,2026-06-17T09:00:00+08:00,2026-06-17T01:00:00Z,uploaded latest schedule image uses Beijing time / GMT+8,scheduled,manually transcribed from the latest user-provided schedule image; do not use older HTML placeholder teams
M020,20,小组赛,J组,奥地利,约旦,奥地利 vs 约旦,奥地利 vs 约旦,奥地利 vs 约旦,6月17日,12:00,6月17日 12:00 北京时间,圣克拉拉 (Santa Clara),,2026-06-17T12:00:00+08:00,2026-06-17T04:00:00Z,uploaded latest schedule image uses Beijing time / GMT+8,scheduled,manually transcribed from the latest user-provided schedule image; do not use older HTML placeholder teams
M021,21,小组赛,K组,葡萄牙,刚果(金),葡萄牙 vs 刚果(金),葡萄牙 vs 刚果(金),葡萄牙 vs 刚果(金),6月18日,01:00,6月18日 01:00 北京时间,休斯敦 (Houston),,2026-06-18T01:00:00+08:00,2026-06-17T17:00:00Z,uploaded latest schedule image uses Beijing time / GMT+8,scheduled,manually transcribed from the latest user-provided schedule image; do not use older HTML placeholder teams
M022,22,小组赛,L组,英格兰,克罗地亚,英格兰 vs 克罗地亚,英格兰 vs 克罗地亚,英格兰 vs 克罗地亚,6月18日,04:00,6月18日 04:00 北京时间,达拉斯 (Dallas),,2026-06-18T04:00:00+08:00,2026-06-17T20:00:00Z,uploaded latest schedule image uses Beijing time / GMT+8,scheduled,manually transcribed from the latest user-provided schedule image; do not use older HTML placeholder teams
M023,23,小组赛,L组,加纳,巴拿马,加纳 vs 巴拿马,加纳 vs 巴拿马,加纳 vs 巴拿马,6月18日,07:00,6月18日 07:00 北京时间,多伦多 (Toronto),,2026-06-18T07:00:00+08:00,2026-06-17T23:00:00Z,uploaded latest schedule image uses Beijing time / GMT+8,scheduled,manually transcribed from the latest user-provided schedule image; do not use older HTML placeholder teams
M024,24,小组赛,K组,乌兹别克斯坦,哥伦比亚,乌兹别克斯坦 vs 哥伦比亚,乌兹别克斯坦 vs 哥伦比亚,乌兹别克斯坦 vs 哥伦比亚,6月18日,10:00,6月18日 10:00 北京时间,墨西哥城 (Mexico City),,2026-06-18T10:00:00+08:00,2026-06-18T02:00:00Z,uploaded latest schedule image uses Beijing time / GMT+8,scheduled,manually transcribed from the latest user-provided schedule image; do not use older HTML placeholder teams
M025,25,小组赛,A组,捷克,南非,捷克 vs 南非,捷克 vs 南非,捷克 vs 南非,6月19日,00:00,6月19日 00:00 北京时间,亚特兰大 (Atlanta),,2026-06-19T00:00:00+08:00,2026-06-18T16:00:00Z,uploaded latest schedule image uses Beijing time / GMT+8,scheduled,manually transcribed from the latest user-provided schedule image; do not use older HTML placeholder teams
M026,26,小组赛,B组,瑞士,波黑,瑞士 vs 波黑,瑞士 vs 波黑,瑞士 vs 波黑,6月19日,03:00,6月19日 03:00 北京时间,洛杉矶 (Los Angeles),,2026-06-19T03:00:00+08:00,2026-06-18T19:00:00Z,uploaded latest schedule image uses Beijing time / GMT+8,scheduled,manually transcribed from the latest user-provided schedule image; do not use older HTML placeholder teams
M027,27,小组赛,B组,加拿大,卡塔尔,加拿大 vs 卡塔尔,加拿大 vs 卡塔尔,加拿大 vs 卡塔尔,6月19日,06:00,6月19日 06:00 北京时间,温哥华 (Vancouver),,2026-06-19T06:00:00+08:00,2026-06-18T22:00:00Z,uploaded latest schedule image uses Beijing time / GMT+8,scheduled,manually transcribed from the latest user-provided schedule image; do not use older HTML placeholder teams
M028,28,小组赛,A组,墨西哥,韩国,墨西哥 vs 韩国,墨西哥 vs 韩国,墨西哥 vs 韩国,6月19日,09:00,6月19日 09:00 北京时间,瓜达拉哈拉 (Guadalajara),,2026-06-19T09:00:00+08:00,2026-06-19T01:00:00Z,uploaded latest schedule image uses Beijing time / GMT+8,scheduled,manually transcribed from the latest user-provided schedule image; do not use older HTML placeholder teams
M029,29,小组赛,D组,美国,澳大利亚,美国 vs 澳大利亚,美国 vs 澳大利亚,美国 vs 澳大利亚,6月20日,03:00,6月20日 03:00 北京时间,西雅图 (Seattle),,2026-06-20T03:00:00+08:00,2026-06-19T19:00:00Z,uploaded latest schedule image uses Beijing time / GMT+8,scheduled,manually transcribed from the latest user-provided schedule image; do not use older HTML placeholder teams
M030,30,小组赛,C组,苏格兰,摩洛哥,苏格兰 vs 摩洛哥,苏格兰 vs 摩洛哥,苏格兰 vs 摩洛哥,6月20日,06:00,6月20日 06:00 北京时间,马萨诸塞 (Massachusetts),,2026-06-20T06:00:00+08:00,2026-06-19T22:00:00Z,uploaded latest schedule image uses Beijing time / GMT+8,scheduled,manually transcribed from the latest user-provided schedule image; do not use older HTML placeholder teams
M031,31,小组赛,C组,巴西,海地,巴西 vs 海地,巴西 vs 海地,巴西 vs 海地,6月20日,09:00,6月20日 09:00 北京时间,费城 (Philadelphia),,2026-06-20T09:00:00+08:00,2026-06-20T01:00:00Z,uploaded latest schedule image uses Beijing time / GMT+8,scheduled,manually transcribed from the latest user-provided schedule image; do not use older HTML placeholder teams
M032,32,小组赛,D组,土耳其,巴拉圭,土耳其 vs 巴拉圭,土耳其 vs 巴拉圭,土耳其 vs 巴拉圭,6月20日,12:00,6月20日 12:00 北京时间,圣克拉拉 (Santa Clara),,2026-06-20T12:00:00+08:00,2026-06-20T04:00:00Z,uploaded latest schedule image uses Beijing time / GMT+8,scheduled,manually transcribed from the latest user-provided schedule image; do not use older HTML placeholder teams
M033,33,小组赛,F组,荷兰,瑞典,荷兰 vs 瑞典,荷兰 vs 瑞典,荷兰 vs 瑞典,6月21日,01:00,6月21日 01:00 北京时间,休斯敦 (Houston),,2026-06-21T01:00:00+08:00,2026-06-20T17:00:00Z,uploaded latest schedule image uses Beijing time / GMT+8,scheduled,manually transcribed from the latest user-provided schedule image; do not use older HTML placeholder teams
M034,34,小组赛,E组,德国,科特迪瓦,德国 vs 科特迪瓦,德国 vs 科特迪瓦,德国 vs 科特迪瓦,6月21日,04:00,6月21日 04:00 北京时间,多伦多 (Toronto),,2026-06-21T04:00:00+08:00,2026-06-20T20:00:00Z,uploaded latest schedule image uses Beijing time / GMT+8,scheduled,manually transcribed from the latest user-provided schedule image; do not use older HTML placeholder teams
M035,35,小组赛,E组,厄瓜多尔,库拉索,厄瓜多尔 vs 库拉索,厄瓜多尔 vs 库拉索,厄瓜多尔 vs 库拉索,6月21日,08:00,6月21日 08:00 北京时间,堪萨斯城 (Kansas City),,2026-06-21T08:00:00+08:00,2026-06-21T00:00:00Z,uploaded latest schedule image uses Beijing time / GMT+8,scheduled,manually transcribed from the latest user-provided schedule image; do not use older HTML placeholder teams
M036,36,小组赛,F组,突尼斯,日本,突尼斯 vs 日本,突尼斯 vs 日本,突尼斯 vs 日本,6月21日,12:00,6月21日 12:00 北京时间,蒙特雷 (Monterrey),,2026-06-21T12:00:00+08:00,2026-06-21T04:00:00Z,uploaded latest schedule image uses Beijing time / GMT+8,scheduled,manually transcribed from the latest user-provided schedule image; do not use older HTML placeholder teams
M037,37,小组赛,H组,西班牙,沙特阿拉伯,西班牙 vs 沙特阿拉伯,西班牙 vs 沙特阿拉伯,西班牙 vs 沙特阿拉伯,6月22日,00:00,6月22日 00:00 北京时间,亚特兰大 (Atlanta),,2026-06-22T00:00:00+08:00,2026-06-21T16:00:00Z,uploaded latest schedule image uses Beijing time / GMT+8,scheduled,manually transcribed from the latest user-provided schedule image; do not use older HTML placeholder teams
M038,38,小组赛,G组,比利时,伊朗,比利时 vs 伊朗,比利时 vs 伊朗,比利时 vs 伊朗,6月22日,03:00,6月22日 03:00 北京时间,洛杉矶 (Los Angeles),,2026-06-22T03:00:00+08:00,2026-06-21T19:00:00Z,uploaded latest schedule image uses Beijing time / GMT+8,scheduled,manually transcribed from the latest user-provided schedule image; do not use older HTML placeholder teams
M039,39,小组赛,H组,乌拉圭,佛得角,乌拉圭 vs 佛得角,乌拉圭 vs 佛得角,乌拉圭 vs 佛得角,6月22日,06:00,6月22日 06:00 北京时间,迈阿密 (Miami),,2026-06-22T06:00:00+08:00,2026-06-21T22:00:00Z,uploaded latest schedule image uses Beijing time / GMT+8,scheduled,manually transcribed from the latest user-provided schedule image; do not use older HTML placeholder teams
M040,40,小组赛,G组,新西兰,埃及,新西兰 vs 埃及,新西兰 vs 埃及,新西兰 vs 埃及,6月22日,09:00,6月22日 09:00 北京时间,温哥华 (Vancouver),,2026-06-22T09:00:00+08:00,2026-06-22T01:00:00Z,uploaded latest schedule image uses Beijing time / GMT+8,scheduled,manually transcribed from the latest user-provided schedule image; do not use older HTML placeholder teams
M041,41,小组赛,J组,阿根廷,奥地利,阿根廷 vs 奥地利,阿根廷 vs 奥地利,阿根廷 vs 奥地利,6月23日,01:00,6月23日 01:00 北京时间,达拉斯 (Dallas),,2026-06-23T01:00:00+08:00,2026-06-22T17:00:00Z,uploaded latest schedule image uses Beijing time / GMT+8,scheduled,manually transcribed from the latest user-provided schedule image; do not use older HTML placeholder teams
M042,42,小组赛,I组,法国,伊拉克,法国 vs 伊拉克,法国 vs 伊拉克,法国 vs 伊拉克,6月23日,05:00,6月23日 05:00 北京时间,费城 (Philadelphia),,2026-06-23T05:00:00+08:00,2026-06-22T21:00:00Z,uploaded latest schedule image uses Beijing time / GMT+8,scheduled,manually transcribed from the latest user-provided schedule image; do not use older HTML placeholder teams
M043,43,小组赛,I组,挪威,塞内加尔,挪威 vs 塞内加尔,挪威 vs 塞内加尔,挪威 vs 塞内加尔,6月23日,08:00,6月23日 08:00 北京时间,纽约 (New York),,2026-06-23T08:00:00+08:00,2026-06-23T00:00:00Z,uploaded latest schedule image uses Beijing time / GMT+8,scheduled,manually transcribed from the latest user-provided schedule image; do not use older HTML placeholder teams
M044,44,小组赛,J组,约旦,阿尔及利亚,约旦 vs 阿尔及利亚,约旦 vs 阿尔及利亚,约旦 vs 阿尔及利亚,6月23日,11:00,6月23日 11:00 北京时间,圣克拉拉 (Santa Clara),,2026-06-23T11:00:00+08:00,2026-06-23T03:00:00Z,uploaded latest schedule image uses Beijing time / GMT+8,scheduled,manually transcribed from the latest user-provided schedule image; do not use older HTML placeholder teams
M045,45,小组赛,K组,葡萄牙,乌兹别克斯坦,葡萄牙 vs 乌兹别克斯坦,葡萄牙 vs 乌兹别克斯坦,葡萄牙 vs 乌兹别克斯坦,6月24日,01:00,6月24日 01:00 北京时间,休斯敦 (Houston),,2026-06-24T01:00:00+08:00,2026-06-23T17:00:00Z,uploaded latest schedule image uses Beijing time / GMT+8,scheduled,manually transcribed from the latest user-provided schedule image; do not use older HTML placeholder teams
M046,46,小组赛,L组,英格兰,加纳,英格兰 vs 加纳,英格兰 vs 加纳,英格兰 vs 加纳,6月24日,04:00,6月24日 04:00 北京时间,马萨诸塞 (Massachusetts),,2026-06-24T04:00:00+08:00,2026-06-23T20:00:00Z,uploaded latest schedule image uses Beijing time / GMT+8,scheduled,manually transcribed from the latest user-provided schedule image; do not use older HTML placeholder teams
M047,47,小组赛,L组,巴拿马,克罗地亚,巴拿马 vs 克罗地亚,巴拿马 vs 克罗地亚,巴拿马 vs 克罗地亚,6月24日,07:00,6月24日 07:00 北京时间,多伦多 (Toronto),,2026-06-24T07:00:00+08:00,2026-06-23T23:00:00Z,uploaded latest schedule image uses Beijing time / GMT+8,scheduled,manually transcribed from the latest user-provided schedule image; do not use older HTML placeholder teams
M048,48,小组赛,K组,哥伦比亚,刚果(金),哥伦比亚 vs 刚果(金),哥伦比亚 vs 刚果(金),哥伦比亚 vs 刚果(金),6月24日,10:00,6月24日 10:00 北京时间,瓜达拉哈拉 (Guadalajara),,2026-06-24T10:00:00+08:00,2026-06-24T02:00:00Z,uploaded latest schedule image uses Beijing time / GMT+8,scheduled,manually transcribed from the latest user-provided schedule image; do not use older HTML placeholder teams
M049,49,小组赛,B组,瑞士,加拿大,瑞士 vs 加拿大,瑞士 vs 加拿大,瑞士 vs 加拿大,6月25日,03:00,6月25日 03:00 北京时间,温哥华 (Vancouver),,2026-06-25T03:00:00+08:00,2026-06-24T19:00:00Z,uploaded latest schedule image uses Beijing time / GMT+8,scheduled,manually transcribed from the latest user-provided schedule image; do not use older HTML placeholder teams
M050,50,小组赛,B组,波黑,卡塔尔,波黑 vs 卡塔尔,波黑 vs 卡塔尔,波黑 vs 卡塔尔,6月25日,03:00,6月25日 03:00 北京时间,西雅图 (Seattle),,2026-06-25T03:00:00+08:00,2026-06-24T19:00:00Z,uploaded latest schedule image uses Beijing time / GMT+8,scheduled,manually transcribed from the latest user-provided schedule image; do not use older HTML placeholder teams
M051,51,小组赛,C组,苏格兰,巴西,苏格兰 vs 巴西,苏格兰 vs 巴西,苏格兰 vs 巴西,6月25日,06:00,6月25日 06:00 北京时间,迈阿密 (Miami),,2026-06-25T06:00:00+08:00,2026-06-24T22:00:00Z,uploaded latest schedule image uses Beijing time / GMT+8,scheduled,manually transcribed from the latest user-provided schedule image; do not use older HTML placeholder teams
M052,52,小组赛,C组,摩洛哥,海地,摩洛哥 vs 海地,摩洛哥 vs 海地,摩洛哥 vs 海地,6月25日,06:00,6月25日 06:00 北京时间,亚特兰大 (Atlanta),,2026-06-25T06:00:00+08:00,2026-06-24T22:00:00Z,uploaded latest schedule image uses Beijing time / GMT+8,scheduled,manually transcribed from the latest user-provided schedule image; do not use older HTML placeholder teams
M053,53,小组赛,A组,捷克,墨西哥,捷克 vs 墨西哥,捷克 vs 墨西哥,捷克 vs 墨西哥,6月25日,09:00,6月25日 09:00 北京时间,墨西哥城 (Mexico City),,2026-06-25T09:00:00+08:00,2026-06-25T01:00:00Z,uploaded latest schedule image uses Beijing time / GMT+8,scheduled,manually transcribed from the latest user-provided schedule image; do not use older HTML placeholder teams
M054,54,小组赛,A组,南非,韩国,南非 vs 韩国,南非 vs 韩国,南非 vs 韩国,6月25日,09:00,6月25日 09:00 北京时间,蒙特雷 (Monterrey),,2026-06-25T09:00:00+08:00,2026-06-25T01:00:00Z,uploaded latest schedule image uses Beijing time / GMT+8,scheduled,manually transcribed from the latest user-provided schedule image; do not use older HTML placeholder teams
M055,55,小组赛,E组,厄瓜多尔,德国,厄瓜多尔 vs 德国,厄瓜多尔 vs 德国,厄瓜多尔 vs 德国,6月26日,04:00,6月26日 04:00 北京时间,纽约 (New York),,2026-06-26T04:00:00+08:00,2026-06-25T20:00:00Z,uploaded latest schedule image uses Beijing time / GMT+8,scheduled,manually transcribed from the latest user-provided schedule image; do not use older HTML placeholder teams
M056,56,小组赛,E组,库拉索,科特迪瓦,库拉索 vs 科特迪瓦,库拉索 vs 科特迪瓦,库拉索 vs 科特迪瓦,6月26日,04:00,6月26日 04:00 北京时间,费城 (Philadelphia),,2026-06-26T04:00:00+08:00,2026-06-25T20:00:00Z,uploaded latest schedule image uses Beijing time / GMT+8,scheduled,manually transcribed from the latest user-provided schedule image; do not use older HTML placeholder teams
M057,57,小组赛,F组,日本,瑞典,日本 vs 瑞典,日本 vs 瑞典,日本 vs 瑞典,6月26日,07:00,6月26日 07:00 北京时间,堪萨斯城 (Kansas City),,2026-06-26T07:00:00+08:00,2026-06-25T23:00:00Z,uploaded latest schedule image uses Beijing time / GMT+8,scheduled,manually transcribed from the latest user-provided schedule image; do not use older HTML placeholder teams
M058,58,小组赛,F组,突尼斯,荷兰,突尼斯 vs 荷兰,突尼斯 vs 荷兰,突尼斯 vs 荷兰,6月26日,07:00,6月26日 07:00 北京时间,达拉斯 (Dallas),,2026-06-26T07:00:00+08:00,2026-06-25T23:00:00Z,uploaded latest schedule image uses Beijing time / GMT+8,scheduled,manually transcribed from the latest user-provided schedule image; do not use older HTML placeholder teams
M059,59,小组赛,D组,土耳其,美国,土耳其 vs 美国,土耳其 vs 美国,土耳其 vs 美国,6月26日,10:00,6月26日 10:00 北京时间,洛杉矶 (Los Angeles),,2026-06-26T10:00:00+08:00,2026-06-26T02:00:00Z,uploaded latest schedule image uses Beijing time / GMT+8,scheduled,manually transcribed from the latest user-provided schedule image; do not use older HTML placeholder teams
M060,60,小组赛,D组,巴拉圭,澳大利亚,巴拉圭 vs 澳大利亚,巴拉圭 vs 澳大利亚,巴拉圭 vs 澳大利亚,6月26日,10:00,6月26日 10:00 北京时间,圣克拉拉 (Santa Clara),,2026-06-26T10:00:00+08:00,2026-06-26T02:00:00Z,uploaded latest schedule image uses Beijing time / GMT+8,scheduled,manually transcribed from the latest user-provided schedule image; do not use older HTML placeholder teams
M061,61,小组赛,I组,挪威,法国,挪威 vs 法国,挪威 vs 法国,挪威 vs 法国,6月27日,03:00,6月27日 03:00 北京时间,马萨诸塞 (Massachusetts),,2026-06-27T03:00:00+08:00,2026-06-26T19:00:00Z,uploaded latest schedule image uses Beijing time / GMT+8,scheduled,manually transcribed from the latest user-provided schedule image; do not use older HTML placeholder teams
M062,62,小组赛,I组,塞内加尔,伊拉克,塞内加尔 vs 伊拉克,塞内加尔 vs 伊拉克,塞内加尔 vs 伊拉克,6月27日,03:00,6月27日 03:00 北京时间,多伦多 (Toronto),,2026-06-27T03:00:00+08:00,2026-06-26T19:00:00Z,uploaded latest schedule image uses Beijing time / GMT+8,scheduled,manually transcribed from the latest user-provided schedule image; do not use older HTML placeholder teams
M063,63,小组赛,H组,佛得角,沙特阿拉伯,佛得角 vs 沙特阿拉伯,佛得角 vs 沙特阿拉伯,佛得角 vs 沙特阿拉伯,6月27日,08:00,6月27日 08:00 北京时间,瓜达拉哈拉 (Guadalajara),,2026-06-27T08:00:00+08:00,2026-06-27T00:00:00Z,uploaded latest schedule image uses Beijing time / GMT+8,scheduled,manually transcribed from the latest user-provided schedule image; do not use older HTML placeholder teams
M064,64,小组赛,H组,乌拉圭,西班牙,乌拉圭 vs 西班牙,乌拉圭 vs 西班牙,乌拉圭 vs 西班牙,6月27日,08:00,6月27日 08:00 北京时间,休斯敦 (Houston),,2026-06-27T08:00:00+08:00,2026-06-27T00:00:00Z,uploaded latest schedule image uses Beijing time / GMT+8,scheduled,manually transcribed from the latest user-provided schedule image; do not use older HTML placeholder teams
M065,65,小组赛,G组,埃及,伊朗,埃及 vs 伊朗,埃及 vs 伊朗,埃及 vs 伊朗,6月27日,11:00,6月27日 11:00 北京时间,温哥华 (Vancouver),,2026-06-27T11:00:00+08:00,2026-06-27T03:00:00Z,uploaded latest schedule image uses Beijing time / GMT+8,scheduled,manually transcribed from the latest user-provided schedule image; do not use older HTML placeholder teams
M066,66,小组赛,G组,新西兰,比利时,新西兰 vs 比利时,新西兰 vs 比利时,新西兰 vs 比利时,6月27日,11:00,6月27日 11:00 北京时间,西雅图 (Seattle),,2026-06-27T11:00:00+08:00,2026-06-27T03:00:00Z,uploaded latest schedule image uses Beijing time / GMT+8,scheduled,manually transcribed from the latest user-provided schedule image; do not use older HTML placeholder teams
M067,67,小组赛,L组,巴拿马,英格兰,巴拿马 vs 英格兰,巴拿马 vs 英格兰,巴拿马 vs 英格兰,6月28日,05:00,6月28日 05:00 北京时间,纽约 (New York),,2026-06-28T05:00:00+08:00,2026-06-27T21:00:00Z,uploaded latest schedule image uses Beijing time / GMT+8,scheduled,manually transcribed from the latest user-provided schedule image; do not use older HTML placeholder teams
M068,68,小组赛,L组,克罗地亚,加纳,克罗地亚 vs 加纳,克罗地亚 vs 加纳,克罗地亚 vs 加纳,6月28日,05:00,6月28日 05:00 北京时间,费城 (Philadelphia),,2026-06-28T05:00:00+08:00,2026-06-27T21:00:00Z,uploaded latest schedule image uses Beijing time / GMT+8,scheduled,manually transcribed from the latest user-provided schedule image; do not use older HTML placeholder teams
M069,69,小组赛,K组,哥伦比亚,葡萄牙,哥伦比亚 vs 葡萄牙,哥伦比亚 vs 葡萄牙,哥伦比亚 vs 葡萄牙,6月28日,07:30,6月28日 07:30 北京时间,迈阿密 (Miami),,2026-06-28T07:30:00+08:00,2026-06-27T23:30:00Z,uploaded latest schedule image uses Beijing time / GMT+8,scheduled,manually transcribed from the latest user-provided schedule image; do not use older HTML placeholder teams
M070,70,小组赛,K组,刚果(金),乌兹别克斯坦,刚果(金) vs 乌兹别克斯坦,刚果(金) vs 乌兹别克斯坦,刚果(金) vs 乌兹别克斯坦,6月28日,07:30,6月28日 07:30 北京时间,亚特兰大 (Atlanta),,2026-06-28T07:30:00+08:00,2026-06-27T23:30:00Z,uploaded latest schedule image uses Beijing time / GMT+8,scheduled,manually transcribed from the latest user-provided schedule image; do not use older HTML placeholder teams
M071,71,小组赛,J组,阿尔及利亚,奥地利,阿尔及利亚 vs 奥地利,阿尔及利亚 vs 奥地利,阿尔及利亚 vs 奥地利,6月28日,10:00,6月28日 10:00 北京时间,达拉斯 (Dallas),,2026-06-28T10:00:00+08:00,2026-06-28T02:00:00Z,uploaded latest schedule image uses Beijing time / GMT+8,scheduled,manually transcribed from the latest user-provided schedule image; do not use older HTML placeholder teams
M072,72,小组赛,J组,约旦,阿根廷,约旦 vs 阿根廷,约旦 vs 阿根廷,约旦 vs 阿根廷,6月28日,10:00,6月28日 10:00 北京时间,堪萨斯城 (Kansas City),,2026-06-28T10:00:00+08:00,2026-06-28T02:00:00Z,uploaded latest schedule image uses Beijing time / GMT+8,scheduled,manually transcribed from the latest user-provided schedule image; do not use older HTML placeholder teams
M073,73,32强淘汰赛,,A2,B2,A2 - B2,A2 - B2,A2 - B2,6月29日,03:00,6月29日 03:00 北京时间,,洛杉矶 SoFi 体育场,2026-06-29T03:00:00+08:00,2026-06-28T19:00:00Z,uploaded latest schedule image uses Beijing time / GMT+8,scheduled,manually transcribed from the latest user-provided schedule image; all knockout kickoff times are included
M074,74,32强淘汰赛,,E1,A3/B3/C3/D3/F3,E1 - A3/B3/C3/D3/F3,E1 - A3/B3/C3/D3/F3,E1 - A3/B3/C3/D3/F3,6月30日,04:30,6月30日 04:30 北京时间,,波士顿 吉列体育场,2026-06-30T04:30:00+08:00,2026-06-29T20:30:00Z,uploaded latest schedule image uses Beijing time / GMT+8,scheduled,manually transcribed from the latest user-provided schedule image; all knockout kickoff times are included
M075,75,32强淘汰赛,,F1,C2,F1 - C2,F1 - C2,F1 - C2,6月30日,09:00,6月30日 09:00 北京时间,,蒙特雷 BBVA 体育场,2026-06-30T09:00:00+08:00,2026-06-30T01:00:00Z,uploaded latest schedule image uses Beijing time / GMT+8,scheduled,manually transcribed from the latest user-provided schedule image; all knockout kickoff times are included
M076,76,32强淘汰赛,,C1,F2,C1 - F2,C1 - F2,C1 - F2,6月30日,01:00,6月30日 01:00 北京时间,,休斯顿 NRG 体育场,2026-06-30T01:00:00+08:00,2026-06-29T17:00:00Z,uploaded latest schedule image uses Beijing time / GMT+8,scheduled,manually transcribed from the latest user-provided schedule image; all knockout kickoff times are included
M077,77,32强淘汰赛,,I1,C3/D3/F3/G3/H3,I1 - C3/D3/F3/G3/H3,I1 - C3/D3/F3/G3/H3,I1 - C3/D3/F3/G3/H3,7月1日,05:00,7月1日 05:00 北京时间,,纽约 大都会人寿体育场,2026-07-01T05:00:00+08:00,2026-06-30T21:00:00Z,uploaded latest schedule image uses Beijing time / GMT+8,scheduled,manually transcribed from the latest user-provided schedule image; all knockout kickoff times are included
M078,78,32强淘汰赛,,E2,I2,E2 - I2,E2 - I2,E2 - I2,7月1日,01:00,7月1日 01:00 北京时间,,达拉斯 AT&T 体育场,2026-07-01T01:00:00+08:00,2026-06-30T17:00:00Z,uploaded latest schedule image uses Beijing time / GMT+8,scheduled,manually transcribed from the latest user-provided schedule image; all knockout kickoff times are included
M079,79,32强淘汰赛,,A1,C3/E3/F3/H3/I3,A1 - C3/E3/F3/H3/I3,A1 - C3/E3/F3/H3/I3,A1 - C3/E3/F3/H3/I3,7月1日,09:00,7月1日 09:00 北京时间,,墨西哥城 阿兹特克体育场,2026-07-01T09:00:00+08:00,2026-07-01T01:00:00Z,uploaded latest schedule image uses Beijing time / GMT+8,scheduled,manually transcribed from the latest user-provided schedule image; all knockout kickoff times are included
M080,80,32强淘汰赛,,L1,E3/H3/I3/J3/K3,L1 - E3/H3/I3/J3/K3,L1 - E3/H3/I3/J3/K3,L1 - E3/H3/I3/J3/K3,7月2日,00:00,7月2日 00:00 北京时间,,亚特兰大 梅赛德斯-奔驰体育场,2026-07-02T00:00:00+08:00,2026-07-01T16:00:00Z,uploaded latest schedule image uses Beijing time / GMT+8,scheduled,manually transcribed from the latest user-provided schedule image; all knockout kickoff times are included
M081,81,32强淘汰赛,,D1,B3/E3/F3/I3/J3,D1 - B3/E3/F3/I3/J3,D1 - B3/E3/F3/I3/J3,D1 - B3/E3/F3/I3/J3,7月2日,08:00,7月2日 08:00 北京时间,,旧金山湾区 李维斯体育场,2026-07-02T08:00:00+08:00,2026-07-02T00:00:00Z,uploaded latest schedule image uses Beijing time / GMT+8,scheduled,manually transcribed from the latest user-provided schedule image; all knockout kickoff times are included
M082,82,32强淘汰赛,,G1,A3/E3/H3/I3/J3,G1 - A3/E3/H3/I3/J3,G1 - A3/E3/H3/I3/J3,G1 - A3/E3/H3/I3/J3,7月2日,04:00,7月2日 04:00 北京时间,,西雅图 流明球场,2026-07-02T04:00:00+08:00,2026-07-01T20:00:00Z,uploaded latest schedule image uses Beijing time / GMT+8,scheduled,manually transcribed from the latest user-provided schedule image; all knockout kickoff times are included
M083,83,32强淘汰赛,,K2,L2,K2 - L2,K2 - L2,K2 - L2,7月3日,07:00,7月3日 07:00 北京时间,,多伦多 BMO 球场,2026-07-03T07:00:00+08:00,2026-07-02T23:00:00Z,uploaded latest schedule image uses Beijing time / GMT+8,scheduled,manually transcribed from the latest user-provided schedule image; all knockout kickoff times are included
M084,84,32强淘汰赛,,H1,J2,H1 - J2,H1 - J2,H1 - J2,7月3日,03:00,7月3日 03:00 北京时间,,洛杉矶 SoFi 体育场,2026-07-03T03:00:00+08:00,2026-07-02T19:00:00Z,uploaded latest schedule image uses Beijing time / GMT+8,scheduled,manually transcribed from the latest user-provided schedule image; all knockout kickoff times are included
M085,85,32强淘汰赛,,B1,E3/F3/G3/I3/J3,B1 - E3/F3/G3/I3/J3,B1 - E3/F3/G3/I3/J3,B1 - E3/F3/G3/I3/J3,7月3日,11:00,7月3日 11:00 北京时间,,温哥华 BC Place,2026-07-03T11:00:00+08:00,2026-07-03T03:00:00Z,uploaded latest schedule image uses Beijing time / GMT+8,scheduled,manually transcribed from the latest user-provided schedule image; all knockout kickoff times are included
M086,86,32强淘汰赛,,J1,H2,J1 - H2,J1 - H2,J1 - H2,7月4日,06:00,7月4日 06:00 北京时间,,迈阿密 硬石体育场,2026-07-04T06:00:00+08:00,2026-07-03T22:00:00Z,uploaded latest schedule image uses Beijing time / GMT+8,scheduled,manually transcribed from the latest user-provided schedule image; all knockout kickoff times are included
M087,87,32强淘汰赛,,K1,D3/E3/I3/J3/L3,K1 - D3/E3/I3/J3/L3,K1 - D3/E3/I3/J3/L3,K1 - D3/E3/I3/J3/L3,7月4日,09:30,7月4日 09:30 北京时间,,堪萨斯城 箭头体育场,2026-07-04T09:30:00+08:00,2026-07-04T01:30:00Z,uploaded latest schedule image uses Beijing time / GMT+8,scheduled,manually transcribed from the latest user-provided schedule image; all knockout kickoff times are included
M088,88,32强淘汰赛,,D2,G2,D2 - G2,D2 - G2,D2 - G2,7月4日,02:00,7月4日 02:00 北京时间,,达拉斯 AT&T体育场,2026-07-04T02:00:00+08:00,2026-07-03T18:00:00Z,uploaded latest schedule image uses Beijing time / GMT+8,scheduled,manually transcribed from the latest user-provided schedule image; all knockout kickoff times are included
M089,89,16强淘汰赛,,74胜者,77胜者,74胜者 - 77胜者,74胜者 - 77胜者,74胜者 - 77胜者,7月5日,05:00,7月5日 05:00 北京时间,,费城 林肯金融球场,2026-07-05T05:00:00+08:00,2026-07-04T21:00:00Z,uploaded latest schedule image uses Beijing time / GMT+8,scheduled,manually transcribed from the latest user-provided schedule image; all knockout kickoff times are included
M090,90,16强淘汰赛,,73胜者,75胜者,73胜者 - 75胜者,73胜者 - 75胜者,73胜者 - 75胜者,7月5日,01:00,7月5日 01:00 北京时间,,休斯顿 NRG体育场,2026-07-05T01:00:00+08:00,2026-07-04T17:00:00Z,uploaded latest schedule image uses Beijing time / GMT+8,scheduled,manually transcribed from the latest user-provided schedule image; all knockout kickoff times are included
M091,91,16强淘汰赛,,76胜者,78胜者,76胜者 - 78胜者,76胜者 - 78胜者,76胜者 - 78胜者,7月6日,04:00,7月6日 04:00 北京时间,,纽约 大都会人寿体育场,2026-07-06T04:00:00+08:00,2026-07-05T20:00:00Z,uploaded latest schedule image uses Beijing time / GMT+8,scheduled,manually transcribed from the latest user-provided schedule image; all knockout kickoff times are included
M092,92,16强淘汰赛,,79胜者,80胜者,79胜者 - 80胜者,79胜者 - 80胜者,79胜者 - 80胜者,7月6日,08:00,7月6日 08:00 北京时间,,墨西哥城 阿兹特克体育场,2026-07-06T08:00:00+08:00,2026-07-06T00:00:00Z,uploaded latest schedule image uses Beijing time / GMT+8,scheduled,manually transcribed from the latest user-provided schedule image; all knockout kickoff times are included
M093,93,16强淘汰赛,,83胜者,84胜者,83胜者 - 84胜者,83胜者 - 84胜者,83胜者 - 84胜者,7月7日,03:00,7月7日 03:00 北京时间,,达拉斯 AT&T体育场,2026-07-07T03:00:00+08:00,2026-07-06T19:00:00Z,uploaded latest schedule image uses Beijing time / GMT+8,scheduled,manually transcribed from the latest user-provided schedule image; all knockout kickoff times are included
M094,94,16强淘汰赛,,81胜者,82胜者,81胜者 - 82胜者,81胜者 - 82胜者,81胜者 - 82胜者,7月7日,08:00,7月7日 08:00 北京时间,,西雅图 流明球场,2026-07-07T08:00:00+08:00,2026-07-07T00:00:00Z,uploaded latest schedule image uses Beijing time / GMT+8,scheduled,manually transcribed from the latest user-provided schedule image; all knockout kickoff times are included
M095,95,16强淘汰赛,,86胜者,88胜者,86胜者 - 88胜者,86胜者 - 88胜者,86胜者 - 88胜者,7月8日,00:00,7月8日 00:00 北京时间,,亚特兰大 梅赛德斯-奔驰体育场,2026-07-08T00:00:00+08:00,2026-07-07T16:00:00Z,uploaded latest schedule image uses Beijing time / GMT+8,scheduled,manually transcribed from the latest user-provided schedule image; all knockout kickoff times are included
M096,96,16强淘汰赛,,85胜者,87胜者,85胜者 - 87胜者,85胜者 - 87胜者,85胜者 - 87胜者,7月8日,04:00,7月8日 04:00 北京时间,,温哥华 不列颠哥伦比亚体育场,2026-07-08T04:00:00+08:00,2026-07-07T20:00:00Z,uploaded latest schedule image uses Beijing time / GMT+8,scheduled,manually transcribed from the latest user-provided schedule image; all knockout kickoff times are included
M097,97,四分之一决赛,,89胜者,90胜者,89胜者 - 90胜者,89胜者 - 90胜者,89胜者 - 90胜者,7月10日,04:00,7月10日 04:00 北京时间,,波士顿 吉列体育场,2026-07-10T04:00:00+08:00,2026-07-09T20:00:00Z,uploaded latest schedule image uses Beijing time / GMT+8,scheduled,manually transcribed from the latest user-provided schedule image; all knockout kickoff times are included
M098,98,四分之一决赛,,93胜者,94胜者,93胜者 - 94胜者,93胜者 - 94胜者,93胜者 - 94胜者,7月11日,03:00,7月11日 03:00 北京时间,,洛杉矶 SoFi体育场,2026-07-11T03:00:00+08:00,2026-07-10T19:00:00Z,uploaded latest schedule image uses Beijing time / GMT+8,scheduled,manually transcribed from the latest user-provided schedule image; all knockout kickoff times are included
M099,99,四分之一决赛,,91胜者,92胜者,91胜者 - 92胜者,91胜者 - 92胜者,91胜者 - 92胜者,7月12日,05:00,7月12日 05:00 北京时间,,迈阿密 硬石体育场,2026-07-12T05:00:00+08:00,2026-07-11T21:00:00Z,uploaded latest schedule image uses Beijing time / GMT+8,scheduled,manually transcribed from the latest user-provided schedule image; all knockout kickoff times are included
M100,100,四分之一决赛,,95胜者,96胜者,95胜者 - 96胜者,95胜者 - 96胜者,95胜者 - 96胜者,7月12日,09:00,7月12日 09:00 北京时间,,堪萨斯城 箭头体育,2026-07-12T09:00:00+08:00,2026-07-12T01:00:00Z,uploaded latest schedule image uses Beijing time / GMT+8,scheduled,manually transcribed from the latest user-provided schedule image; all knockout kickoff times are included
M101,101,半决赛,,97胜者,98胜者,97胜者 - 98胜者,97胜者 - 98胜者,97胜者 - 98胜者,7月15日,03:00,7月15日 03:00 北京时间,,达拉斯 AT&T 体育场,2026-07-15T03:00:00+08:00,2026-07-14T19:00:00Z,uploaded latest schedule image uses Beijing time / GMT+8,scheduled,manually transcribed from the latest user-provided schedule image; all knockout kickoff times are included
M102,102,半决赛,,99胜者,100胜者,99胜者 - 100胜者,99胜者 - 100胜者,99胜者 - 100胜者,7月16日,03:00,7月16日 03:00 北京时间,,亚特兰大 梅赛德斯-奔驰体育场,2026-07-16T03:00:00+08:00,2026-07-15T19:00:00Z,uploaded latest schedule image uses Beijing time / GMT+8,scheduled,manually transcribed from the latest user-provided schedule image; all knockout kickoff times are included
M103,103,三四名决赛,,两场半决赛负者,,两场半决赛负者,两场半决赛负者,两场半决赛负者,7月19日,05:00,7月19日 05:00 北京时间,,迈阿密 硬石体育场,2026-07-19T05:00:00+08:00,2026-07-18T21:00:00Z,uploaded latest schedule image uses Beijing time / GMT+8,scheduled,manually transcribed from the latest user-provided schedule image; all knockout kickoff times are included
M104,104,决赛,,两场半决赛胜者,,两场半决赛胜者,两场半决赛胜者,两场半决赛胜者,7月20日,03:00,7月20日 03:00 北京时间,,纽约 大都会人寿体育场,2026-07-20T03:00:00+08:00,2026-07-19T19:00:00Z,uploaded latest schedule image uses Beijing time / GMT+8,scheduled,manually transcribed from the latest user-provided schedule image; all knockout kickoff times are included
