source_id,source_name,region,country,language,homepage_url,rss_url,source_type,priority,entry_url_type,crawl_strategy,mvp_status,notes,access_notes,feasibility_grade,feasibility_reason,recommended_phase
official_fifa_schedule_article,FIFA World Cup 2026 Official Match Schedule Article,Global,Global,en,https://www.fifa.com/en/tournaments/mens/worldcup/canadamexicousa2026/articles/match-schedule-fixtures-results-teams-stadiums,,official,high,fixture_reference_article,manual_check_or_light_html_parse,include_as_reference,"FIFA official article-style schedule page; useful as authoritative reference for match schedule, venues and results, but should not be the only automated fixture source.",article_page; child_match_pages_possible; use_for_validation_not_primary_live_updates,D,Authoritative but article-like page; useful for validation rather than stable automated hot-topic feed.,reference
official_fifa_scores_fixtures,FIFA World Cup 2026 Scores & Fixtures,Global,Global,en,https://www.fifa.com/en/tournaments/mens/worldcup/canadamexicousa2026/scores-fixtures,,official,high,fixture_page,fixture_parse,test,"Official FIFA scores and fixtures page; better candidate for live scores, results and upcoming fixtures than the schedule article.",dynamic_page_possible; test_html_or_embedded_data; primary_fixture_candidate,C,Official but likely dynamic; test parse before relying on automation.,MVP-test
sky_worldcup_scores_fixtures,Sky Sports FIFA World Cup Scores & Fixtures,UK / Global,United Kingdom,en,https://www.skysports.com/fifa-world-cup-scores-fixtures,,media_fixture,medium,fixture_page,fixture_parse,test,Secondary fixture source for cross-checking match times and matchups; useful if FIFA page is difficult to parse.,secondary_schedule_source; verify_timezone_handling,B,Potentially parseable fixture page; useful as secondary schedule validation.,MVP-test
espn_worldcup_schedule,ESPN 2026 FIFA World Cup Match Schedule,Global / US,United States,en,https://www.espn.com/soccer/story/_/id/48939282/2026-fifa-world-cup-fixtures-results-match-schedule-group-stage-knockout-rounds-bracket,,media_fixture,medium,fixture_article,manual_check_or_light_html_parse,test,Media schedule article; useful as fallback/cross-check but not primary official source.,article_page; secondary_schedule_source,B,Potentially parseable fixture page; useful as secondary schedule validation.,MVP-test
google_trends_sports_us,Google Trends Sports - United States,North America,United States,en,https://trends.google.com/trending?geo=US&category=17,,trends,medium,trend_page,trend_page_test,test,Google Trends Trending Now sports category page for a specific country/region. Do not use the default unfiltered Trends page.,dynamic_page; no_stable_official_free_api; high_value_but_needs_validation,C,"High-value trend signal, but dynamic page and export behavior must be tested before automation.",MVP-test
google_trends_sports_gb,Google Trends Sports - United Kingdom,Europe,United Kingdom,en,https://trends.google.com/trending?geo=GB&category=17,,trends,medium,trend_page,trend_page_test,test,Google Trends Trending Now sports category page for a specific country/region. Do not use the default unfiltered Trends page.,dynamic_page; no_stable_official_free_api; high_value_but_needs_validation,C,"High-value trend signal, but dynamic page and export behavior must be tested before automation.",MVP-test
google_trends_sports_ca,Google Trends Sports - Canada,North America,Canada,en/fr,https://trends.google.com/trending?geo=CA&category=17,,trends,medium,trend_page,trend_page_test,test,Google Trends Trending Now sports category page for a specific country/region. Do not use the default unfiltered Trends page.,dynamic_page; no_stable_official_free_api; high_value_but_needs_validation,C,"High-value trend signal, but dynamic page and export behavior must be tested before automation.",MVP-test
google_trends_sports_mx,Google Trends Sports - Mexico,North America / Latin America,Mexico,es,https://trends.google.com/trending?geo=MX&category=17,,trends,medium,trend_page,trend_page_test,test,Google Trends Trending Now sports category page for a specific country/region. Do not use the default unfiltered Trends page.,dynamic_page; no_stable_official_free_api; high_value_but_needs_validation,C,"High-value trend signal, but dynamic page and export behavior must be tested before automation.",MVP-test
google_trends_sports_br,Google Trends Sports - Brazil,Latin America,Brazil,pt,https://trends.google.com/trending?geo=BR&category=17,,trends,medium,trend_page,trend_page_test,test,Google Trends Trending Now sports category page for a specific country/region. Do not use the default unfiltered Trends page.,dynamic_page; no_stable_official_free_api; high_value_but_needs_validation,C,"High-value trend signal, but dynamic page and export behavior must be tested before automation.",MVP-test
google_trends_sports_ar,Google Trends Sports - Argentina,Latin America,Argentina,es,https://trends.google.com/trending?geo=AR&category=17,,trends,medium,trend_page,trend_page_test,test,Google Trends Trending Now sports category page for a specific country/region. Do not use the default unfiltered Trends page.,dynamic_page; no_stable_official_free_api; high_value_but_needs_validation,C,"High-value trend signal, but dynamic page and export behavior must be tested before automation.",MVP-test
google_trends_sports_es,Google Trends Sports - Spain,Europe,Spain,es,https://trends.google.com/trending?geo=ES&category=17,,trends,medium,trend_page,trend_page_test,test,Google Trends Trending Now sports category page for a specific country/region. Do not use the default unfiltered Trends page.,dynamic_page; no_stable_official_free_api; high_value_but_needs_validation,C,"High-value trend signal, but dynamic page and export behavior must be tested before automation.",MVP-test
google_trends_sports_fr,Google Trends Sports - France,Europe,France,fr,https://trends.google.com/trending?geo=FR&category=17,,trends,medium,trend_page,trend_page_test,test,Google Trends Trending Now sports category page for a specific country/region. Do not use the default unfiltered Trends page.,dynamic_page; no_stable_official_free_api; high_value_but_needs_validation,C,"High-value trend signal, but dynamic page and export behavior must be tested before automation.",MVP-test
google_trends_sports_de,Google Trends Sports - Germany,Europe,Germany,de,https://trends.google.com/trending?geo=DE&category=17,,trends,medium,trend_page,trend_page_test,test,Google Trends Trending Now sports category page for a specific country/region. Do not use the default unfiltered Trends page.,dynamic_page; no_stable_official_free_api; high_value_but_needs_validation,C,"High-value trend signal, but dynamic page and export behavior must be tested before automation.",MVP-test
google_trends_sports_it,Google Trends Sports - Italy,Europe,Italy,it,https://trends.google.com/trending?geo=IT&category=17,,trends,medium,trend_page,trend_page_test,test,Google Trends Trending Now sports category page for a specific country/region. Do not use the default unfiltered Trends page.,dynamic_page; no_stable_official_free_api; high_value_but_needs_validation,C,"High-value trend signal, but dynamic page and export behavior must be tested before automation.",MVP-test
google_trends_sports_jp,Google Trends Sports - Japan,Asia,Japan,ja,https://trends.google.com/trending?geo=JP&category=17,,trends,medium,trend_page,trend_page_test,test,Google Trends Trending Now sports category page for a specific country/region. Do not use the default unfiltered Trends page.,dynamic_page; no_stable_official_free_api; high_value_but_needs_validation,C,"High-value trend signal, but dynamic page and export behavior must be tested before automation.",MVP-test
google_trends_sports_kr,Google Trends Sports - South Korea,Asia,South Korea,ko,https://trends.google.com/trending?geo=KR&category=17,,trends,medium,trend_page,trend_page_test,test,Google Trends Trending Now sports category page for a specific country/region. Do not use the default unfiltered Trends page.,dynamic_page; no_stable_official_free_api; high_value_but_needs_validation,C,"High-value trend signal, but dynamic page and export behavior must be tested before automation.",MVP-test
media_espn_soccer,ESPN Soccer,Global / US,United States,en,https://www.espn.com/soccer/,,media,medium,football_homepage,html_list_test,test,"International football news, fixtures and commentary. ESPN has RSS information pages, but the exact soccer feed URL should be verified before automated use.",rss_url_to_verify; homepage_may_have_modules,B,Section page may contain relevant links but likely has mixed modules; test before MVP inclusion.,MVP-test
media_espn_soccer_worldcup,ESPN Soccer Worldcup Page,Global / US,United States,en,https://www.espn.com/soccer/worldcup/,,media,high,worldcup_topic_page,html_list_test,test,World Cup topic page. Prefer this over a broad football homepage when HTML list structure is stable.,html_structure_to_verify; many_modules_possible; use_title_summary_only,B,"Topic page is relevant and likely parseable, but selectors and dynamic modules need testing.",MVP-test
media_espn_rss_info,ESPN Soccer RSS Feeds Info Page,Global / US,United States,en,https://www.espn.com/soccer/story/_/id/37380404/rss-feeds,,media_reference,low,rss_directory,manual_check,test,RSS directory/info page. Use it to locate specific ESPN soccer feeds; not itself a news feed.,reference_only; find_specific_feed_later,B,Section page may contain relevant links but likely has mixed modules; test before MVP inclusion.,MVP-test
media_bbc_sport_football_worldcup,BBC Sport Football Worldcup Page,UK / Global,United Kingdom,en,https://www.bbc.co.uk/sport/football/world-cup,,media,high,worldcup_topic_page,html_list_test,test,World Cup topic page. Prefer this over a broad football homepage when HTML list structure is stable.,html_structure_to_verify; many_modules_possible; use_title_summary_only,B,"Topic page is relevant and likely parseable, but selectors and dynamic modules need testing.",MVP-test
media_bbc_sport_football,BBC Sport Football,UK / Global,United Kingdom,en,https://www.bbc.co.uk/sport/football,https://feeds.bbci.co.uk/sport/football/rss.xml,media,high,rss,rss,include,"Reliable UK football news, scores, fixtures and analysis. Use RSS first rather than complex homepage scraping.",rss_available; good_mvp_source,A,"RSS or feed-like source can be consumed directly using title, link, summary and time.",MVP
media_guardian_football_worldcup2026,The Guardian Football Worldcup 2026 Page,UK / Global,United Kingdom,en,https://www.theguardian.com/football/world-cup-2026,,media,high,worldcup_topic_page,html_list_test,test,World Cup topic page. Prefer this over a broad football homepage when HTML list structure is stable.,html_structure_to_verify; many_modules_possible; use_title_summary_only,B,"Topic page is relevant and likely parseable, but selectors and dynamic modules need testing.",MVP-test
media_guardian_football,The Guardian Football,UK / Global,United Kingdom,en,https://www.theguardian.com/football,https://www.theguardian.com/football/rss,media,high,rss,rss,include,"Football news, comments and world football coverage. Use public RSS metadata; title/summary/URL are enough for topic detection.",rss_available; paywall_possible; use_title_summary_only,A,"RSS or feed-like source can be consumed directly using title, link, summary and time.",MVP
media_sky_sports_football,Sky Sports Football,UK / Europe,United Kingdom,en,https://www.skysports.com/football,,media,medium,football_homepage,html_list_test,test,"UK/European football news, fixtures and live coverage. Prefer dedicated World Cup/football news pages if available.",many_modules_possible; prefer_news_list_or_fixture_page,B,Section page may contain relevant links but likely has mixed modules; test before MVP inclusion.,MVP-test
media_sky_sports_football_news,Sky Sports Football News Page,UK / Europe,United Kingdom,en,https://www.skysports.com/football/news,,media,medium,news_list,html_list_test,test,Football or sports news listing. Useful if the list page exposes stable article cards.,limited_items_possible; html_structure_to_verify; snapshot_history_needed,B,"News listing may be parseable, but item count and selector stability must be tested.",MVP-test
media_reuters_soccer,Reuters Soccer,Global,Global,en,https://www.reuters.com/sports/soccer/,,media,medium,news_list,html_list_test,test,"International wire-service soccer news. Strong credibility, but public sports RSS availability needs verification.",rss_not_confirmed; possible_dynamic_page; title_url_time_only,B,Section page may contain relevant links but likely has mixed modules; test before MVP inclusion.,MVP-test
media_espn_deportes_futbol,ESPN Deportes Fútbol,Latin America / US Hispanic,United States / Latin America,es,https://espndeportes.espn.com/futbol/,,media,medium,football_homepage,html_list_test,test,Spanish-language football source for Latin America and US Hispanic context.,rss_url_to_verify; homepage_may_have_modules,B,Section page may contain relevant links but likely has mixed modules; test before MVP inclusion.,MVP-test
media_espn_deportes_futbol_mundial,ESPN Deportes Fútbol Mundial,Latin America / US Hispanic,United States / Latin America,es,https://espndeportes.espn.com/futbol/liga/_/nombre/fifa.world,,media,high,worldcup_topic_page,html_list_test,test,World Cup topic page. Prefer this over a broad football homepage when HTML list structure is stable.,html_structure_to_verify; many_modules_possible; use_title_summary_only,B,"Topic page is relevant and likely parseable, but selectors and dynamic modules need testing.",MVP-test
media_as_futbol,AS Fútbol,Spain / Latin America,Spain,es,https://as.com/futbol/,,media,medium,football_homepage,html_list_test,test,Spanish football news source. Useful for Spain/Latin America narratives and player/team coverage.,rss_url_to_verify; dynamic_or_cookie_popup_possible,B,Section page may contain relevant links but likely has mixed modules; test before MVP inclusion.,MVP-test
media_as_futbol_mundial2026,AS Fútbol Mundial 2026,Spain / Latin America,Spain,es,https://as.com/futbol/mundial/,,media,medium,worldcup_topic_page,html_list_test,test,World Cup topic page. Prefer this over a broad football homepage when HTML list structure is stable.,html_structure_to_verify; many_modules_possible; use_title_summary_only,B,"Topic page is relevant and likely parseable, but selectors and dynamic modules need testing.",MVP-test
media_marca_futbol,Marca Fútbol,Spain / Latin America,Spain,es,https://www.marca.com/futbol.html,,media,medium,football_homepage,html_list_test,test,Spanish sports media. Good topic source but URL/RSS and module structure need verification.,rss_url_to_verify; many_modules_possible,B,Section page may contain relevant links but likely has mixed modules; test before MVP inclusion.,MVP-test
media_marca_futbol_noticias,Marca Fútbol Noticias,Spain / Latin America,Spain,es,https://www.marca.com/futbol.html?intcmp=MENUMIGA&s_kw=noticias,,media,medium,news_list,html_list_test,test,Football or sports news listing. Useful if the list page exposes stable article cards.,limited_items_possible; html_structure_to_verify; snapshot_history_needed,B,"News listing may be parseable, but item count and selector stability must be tested.",MVP-test
media_lequipe_football,L'Équipe Football,France,France,fr,https://www.lequipe.fr/Football/,,media,medium,football_homepage,html_list_test,test,"French football news. Valuable for France-related narratives, but cookie/subscription overlays may affect scraping.",cookie_or_subscription_popup_possible; title_summary_only_if_available,B,Section page may contain relevant links but likely has mixed modules; test before MVP inclusion.,MVP-test
media_lequipe_football_coupedumonde,L'Équipe Football Coupe du Monde,France,France,fr,https://www.lequipe.fr/Football/Coupe-du-monde/,,media,medium,worldcup_topic_page,html_list_test,test,World Cup topic page. Prefer this over a broad football homepage when HTML list structure is stable.,html_structure_to_verify; many_modules_possible; use_title_summary_only,B,"Topic page is relevant and likely parseable, but selectors and dynamic modules need testing.",MVP-test
media_kicker_fussball,Kicker Fußball,Germany,Germany,de,https://www.kicker.de/fussball,,media,medium,football_homepage,html_list_test,test,German football news. Check if a dedicated RSS or feed endpoint exists before scraping homepage.,rss_url_to_verify; German_language_entity_terms_needed,B,Section page may contain relevant links but likely has mixed modules; test before MVP inclusion.,MVP-test
media_globo_esporte_futebol,Globo Esporte Futebol,Brazil,Brazil,pt,https://ge.globo.com/futebol/,,media,medium,football_homepage,html_list_test,test,Brazilian football news. Important for Brazil narratives; likely dynamic and module-heavy.,dynamic_page_possible; many_modules_possible; Portuguese_terms_needed,B,Section page may contain relevant links but likely has mixed modules; test before MVP inclusion.,MVP-test
media_globo_esporte_copadomundo,Globo Esporte Futebol Copa do Mundo,Brazil,Brazil,pt,https://ge.globo.com/futebol/copa-do-mundo/,,media,medium,worldcup_topic_page,html_list_test,test,World Cup topic page. Prefer this over a broad football homepage when HTML list structure is stable.,html_structure_to_verify; many_modules_possible; use_title_summary_only,B,"Topic page is relevant and likely parseable, but selectors and dynamic modules need testing.",MVP-test
media_ole_argentina_mundial 2026,Olé Argentina Mundial 2026 Page,Argentina,Argentina,es,https://www.ole.com.ar/mundial/mundial-2026,,media,medium,worldcup_topic_page,html_list_test,test,World Cup topic page. Prefer this over a broad football homepage when HTML list structure is stable.,html_structure_to_verify; many_modules_possible; use_title_summary_only,B,"Topic page is relevant and likely parseable, but selectors and dynamic modules need testing.",MVP-test
forum_reddit_soccer,Reddit r/soccer,Global / English-speaking,Global,en,https://www.reddit.com/r/soccer/,https://www.reddit.com/r/soccer/.rss,forum,high,rss,rss,include,"English global football discussion; useful for fan debates, controversy detection and discussion-heavy topics.",rss_available; respect_rate_limits; forum_quality_varies,A,Public subreddit RSS can be consumed directly if the feed URL is correct.,MVP
forum_reddit_football,Reddit r/football,Global / English-speaking,Global,en,https://www.reddit.com/r/football/,https://www.reddit.com/r/football/.rss,forum,medium,rss,rss,test,"Reddit public community feed. Useful for fan discussion, controversy detection and non-media topic discovery.",rss_available_or_to_verify; respect_rate_limits; forum_noise_possible,A,Public subreddit RSS can be consumed directly if the feed URL is correct.,MVP
forum_reddit_worldcup,Reddit r/worldcup,Global / English-speaking,Global,en,https://www.reddit.com/r/worldcup/,https://www.reddit.com/r/ussoccer/.rss,forum,high,rss,rss,include,"Reddit public community feed. Useful for fan discussion, controversy detection and non-media topic discovery.",rss_available_or_to_verify; respect_rate_limits; forum_noise_possible,A,Public subreddit RSS can be consumed directly if the feed URL is correct.,MVP
social_mastodon_worldcup,Mastodon hashtag #WorldCup,Global / open social,Global,multi,https://mastodon.social/tags/WorldCup,https://mastodon.social/tags/WorldCup.rss,open_social,low,hashtag_rss,rss,test,"Open social hashtag feed. Useful as supplemental discussion source, not a core source.",low_volume_possible; instance_specific; hashtag_noise_possible,A,"Hashtag RSS is straightforward, but discussion volume and relevance may be low.",later-test
social_mastodon_fifaworldcup,Mastodon hashtag #FIFAWorldCup,Global / open social,Global,multi,https://mastodon.social/tags/FIFAWorldCup,https://mastodon.social/tags/FIFAWorldCup.rss,open_social,low,hashtag_rss,rss,test,Open social FIFA World Cup hashtag feed. Good supplemental source if volume is sufficient.,low_volume_possible; instance_specific; hashtag_noise_possible,A,"Hashtag RSS is straightforward, but discussion volume and relevance may be low.",later-test
social_mastodon_worldcup2026,Mastodon hashtag #WorldCup2026,Global / open social,Global,multi,https://mastodon.social/tags/WorldCup2026,https://mastodon.social/tags/WorldCup2026.rss,open_social,low,hashtag_rss,rss,test,Specific 2026 World Cup hashtag feed. Use as low-priority supplemental signal.,low_volume_possible; instance_specific; hashtag_noise_possible,A,"Hashtag RSS is straightforward, but discussion volume and relevance may be low.",later-test
social_mastodon_football,Mastodon hashtag #football,Global / open social,Global,multi,https://mastodon.social/tags/football,https://mastodon.social/tags/football.rss,open_social,low,hashtag_rss,rss,test,Mastodon hashtag RSS feed. Use only as supplemental open-social signal.,low_volume_possible; instance_specific; hashtag_noise_possible,A,"Hashtag RSS is straightforward, but discussion volume and relevance may be low.",later-test
social_mastodon_soccer,Mastodon hashtag #soccer,Global / open social,Global,multi,https://mastodon.social/tags/soccer,https://mastodon.social/tags/soccer.rss,open_social,low,hashtag_rss,rss,test,Mastodon hashtag RSS feed. Use only as supplemental open-social signal.,low_volume_possible; instance_specific; hashtag_noise_possible,A,"Hashtag RSS is straightforward, but discussion volume and relevance may be low.",later-test
media_daily_mail_football,Daily Mail Football Page,UK / US,United Kingdom / United States,en,https://www.dailymail.com/sport/football/index.html,,media,medium,football_homepage,html_list_test,test,Football homepage or section page. Use as secondary source if RSS or World Cup topic page is unavailable.,many_modules_possible; dynamic_page_possible; prefer_rss_or_topic_page_if_available,B,Section page may contain relevant links but likely has mixed modules; test before MVP inclusion.,MVP-test
media_daily_mail_worldcup,Daily Mail World Cup Page,UK / US,United Kingdom / United States,en,https://www.dailymail.com/sport/fifa-world-cup/index.html,,media,medium,worldcup_topic_page,html_list_test,test,World Cup topic page. Prefer this over a broad football homepage when HTML list structure is stable.,html_structure_to_verify; many_modules_possible; use_title_summary_only,B,"Topic page is relevant and likely parseable, but selectors and dynamic modules need testing.",MVP-test
media_fourfourtwo_news,Four Four Two News,UK / Global,United Kingdom,en,https://www.fourfourtwo.com/news,,media,medium,news_list,html_list_test,test,Football or sports news listing. Useful if the list page exposes stable article cards.,limited_items_possible; html_structure_to_verify; snapshot_history_needed,B,"News listing may be parseable, but item count and selector stability must be tested.",MVP-test
media_transfermarkt_news,Transfermarkt News,Global / Europe,Germany / United Kingdom,en,https://www.transfermarkt.co.uk/world-cup/news/pokalwettbewerb/FIWC,,media,medium,news_list,html_list_test,test,Football or sports news listing. Useful if the list page exposes stable article cards.,limited_items_possible; html_structure_to_verify; snapshot_history_needed,B,"News listing may be parseable, but item count and selector stability must be tested.",MVP-test
media_the_sun_world_cup,The Sun World Cup Page,UK,United Kingdom,en,https://www.thesun.co.uk/sport/football/world-cup/,,media,medium,worldcup_topic_page,html_list_test,test,World Cup topic page. Prefer this over a broad football homepage when HTML list structure is stable.,html_structure_to_verify; many_modules_possible; use_title_summary_only,B,"Topic page is relevant and likely parseable, but selectors and dynamic modules need testing.",MVP-test
media_yahoo_world_cup,Yahoo Sport World Cup Page,US / Global,United States,en,https://sports.yahoo.com/soccer/world-cup/,,media,high,worldcup_topic_page,html_list_test,test,World Cup topic page. Prefer this over a broad football homepage when HTML list structure is stable.,html_structure_to_verify; many_modules_possible; use_title_summary_only,B,"Topic page is relevant and likely parseable, but selectors and dynamic modules need testing.",MVP-test
media_one_football_world_cup,One Football World Cup Page,Global,Global,en,https://onefootball.com/en/competition/fifa-world-cup-12,,media,medium,worldcup_topic_page,html_list_test,test,World Cup topic page. Prefer this over a broad football homepage when HTML list structure is stable.,html_structure_to_verify; many_modules_possible; use_title_summary_only,B,"Topic page is relevant and likely parseable, but selectors and dynamic modules need testing.",MVP-test
media_si_world_cup,Sports Illustrated World Cup Page,US / Global,United States,en,https://www.si.com/soccer/world-cup,,media,high,worldcup_topic_page,html_list_test,test,World Cup topic page. Prefer this over a broad football homepage when HTML list structure is stable.,html_structure_to_verify; many_modules_possible; use_title_summary_only,B,"Topic page is relevant and likely parseable, but selectors and dynamic modules need testing.",MVP-test
media_nbc_sports_world_cup,NBC Sports World Cup Page,US,United States,en,https://www.nbcsports.com/soccer/world-cup,,media,high,worldcup_topic_page,html_list_test,test,World Cup topic page. Prefer this over a broad football homepage when HTML list structure is stable.,html_structure_to_verify; many_modules_possible; use_title_summary_only,B,"Topic page is relevant and likely parseable, but selectors and dynamic modules need testing.",MVP-test
media_goal_world_cup,Goal World Cup News Page,Global / US,United States,en,https://www.goal.com/en-us/world-cup/news/70excpe1synn9kadnbppahdn7,,media,high,worldcup_topic_page,html_list_test,test,World Cup topic page. Prefer this over a broad football homepage when HTML list structure is stable.,html_structure_to_verify; many_modules_possible; use_title_summary_only,B,"Topic page is relevant and likely parseable, but selectors and dynamic modules need testing.",MVP-test
media_fox_sports_world_cup,Fox Sports World Cup News Page,US,United States,en,https://www.foxsports.com/soccer/fifa-world-cup/news,,media,high,worldcup_topic_page,html_list_test,test,World Cup topic page. Prefer this over a broad football homepage when HTML list structure is stable.,html_structure_to_verify; many_modules_possible; use_title_summary_only,B,"Topic page is relevant and likely parseable, but selectors and dynamic modules need testing.",MVP-test
media_cbs_sports_world_cup,CBS Sports World Cup News Page,US,United States,en,https://www.cbssports.com/soccer/world-cup/,,media,high,worldcup_topic_page,html_list_test,test,World Cup topic page. Prefer this over a broad football homepage when HTML list structure is stable.,html_structure_to_verify; many_modules_possible; use_title_summary_only,B,"Topic page is relevant and likely parseable, but selectors and dynamic modules need testing.",MVP-test
google_trends_sports_au,Google Trends Sports - Australia,Oceania,Australia,en,https://trends.google.com/trending?geo=AU&category=17,,trends,medium,trend_page,trend_page_test,test,Google Trends Trending Now sports-category page added to cover a qualified World Cup team market.,dynamic_page; export_rss_csv_available_in_ui; automated_access_to_test,C,"High-value country/region trend signal, but dynamic page and export behavior must be tested before automation.",MVP-test
google_trends_sports_nz,Google Trends Sports - New Zealand,Oceania,New Zealand,en,https://trends.google.com/trending?geo=NZ&category=17,,trends,medium,trend_page,trend_page_test,test,Google Trends Trending Now sports-category page added to cover a qualified World Cup team market.,dynamic_page; export_rss_csv_available_in_ui; automated_access_to_test,C,"High-value country/region trend signal, but dynamic page and export behavior must be tested before automation.",MVP-test
google_trends_sports_pt,Google Trends Sports - Portugal,Europe,Portugal,pt,https://trends.google.com/trending?geo=PT&category=17,,trends,medium,trend_page,trend_page_test,test,Google Trends Trending Now sports-category page added to cover a qualified World Cup team market.,dynamic_page; export_rss_csv_available_in_ui; automated_access_to_test,C,"High-value country/region trend signal, but dynamic page and export behavior must be tested before automation.",MVP-test
google_trends_sports_nl,Google Trends Sports - Netherlands,Europe,Netherlands,nl,https://trends.google.com/trending?geo=NL&category=17,,trends,medium,trend_page,trend_page_test,test,Google Trends Trending Now sports-category page added to cover a qualified World Cup team market.,dynamic_page; export_rss_csv_available_in_ui; automated_access_to_test,C,"High-value country/region trend signal, but dynamic page and export behavior must be tested before automation.",MVP-test
google_trends_sports_uy,Google Trends Sports - Uruguay,South America,Uruguay,es,https://trends.google.com/trending?geo=UY&category=17,,trends,medium,trend_page,trend_page_test,test,Google Trends Trending Now sports-category page added to cover a qualified World Cup team market.,dynamic_page; export_rss_csv_available_in_ui; automated_access_to_test,C,"High-value country/region trend signal, but dynamic page and export behavior must be tested before automation.",MVP-test
google_trends_sports_co,Google Trends Sports - Colombia,South America,Colombia,es,https://trends.google.com/trending?geo=CO&category=17,,trends,medium,trend_page,trend_page_test,test,Google Trends Trending Now sports-category page added to cover a qualified World Cup team market.,dynamic_page; export_rss_csv_available_in_ui; automated_access_to_test,C,"High-value country/region trend signal, but dynamic page and export behavior must be tested before automation.",MVP-test
google_trends_sports_ec,Google Trends Sports - Ecuador,South America,Ecuador,es,https://trends.google.com/trending?geo=EC&category=17,,trends,medium,trend_page,trend_page_test,test,Google Trends Trending Now sports-category page added to cover a qualified World Cup team market.,dynamic_page; export_rss_csv_available_in_ui; automated_access_to_test,C,"High-value country/region trend signal, but dynamic page and export behavior must be tested before automation.",MVP-test
google_trends_sports_py,Google Trends Sports - Paraguay,South America,Paraguay,es,https://trends.google.com/trending?geo=PY&category=17,,trends,medium,trend_page,trend_page_test,test,Google Trends Trending Now sports-category page added to cover a qualified World Cup team market.,dynamic_page; export_rss_csv_available_in_ui; automated_access_to_test,C,"High-value country/region trend signal, but dynamic page and export behavior must be tested before automation.",MVP-test
google_trends_sports_ma,Google Trends Sports - Morocco,Africa,Morocco,ar/fr,https://trends.google.com/trending?geo=MA&category=17,,trends,medium,trend_page,trend_page_test,test,Google Trends Trending Now sports-category page added to cover a qualified World Cup team market.,dynamic_page; export_rss_csv_available_in_ui; automated_access_to_test,C,"High-value country/region trend signal, but dynamic page and export behavior must be tested before automation.",MVP-test
google_trends_sports_sn,Google Trends Sports - Senegal,Africa,Senegal,fr,https://trends.google.com/trending?geo=SN&category=17,,trends,medium,trend_page,trend_page_test,test,Google Trends Trending Now sports-category page added to cover a qualified World Cup team market.,dynamic_page; export_rss_csv_available_in_ui; automated_access_to_test,C,"High-value country/region trend signal, but dynamic page and export behavior must be tested before automation.",MVP-test
google_trends_sports_gh,Google Trends Sports - Ghana,Africa,Ghana,en,https://trends.google.com/trending?geo=GH&category=17,,trends,medium,trend_page,trend_page_test,test,Google Trends Trending Now sports-category page added to cover a qualified World Cup team market.,dynamic_page; export_rss_csv_available_in_ui; automated_access_to_test,C,"High-value country/region trend signal, but dynamic page and export behavior must be tested before automation.",MVP-test
google_trends_sports_eg,Google Trends Sports - Egypt,Africa,Egypt,ar,https://trends.google.com/trending?geo=EG&category=17,,trends,medium,trend_page,trend_page_test,test,Google Trends Trending Now sports-category page added to cover a qualified World Cup team market.,dynamic_page; export_rss_csv_available_in_ui; automated_access_to_test,C,"High-value country/region trend signal, but dynamic page and export behavior must be tested before automation.",MVP-test
google_trends_sports_dz,Google Trends Sports - Algeria,Africa,Algeria,ar/fr,https://trends.google.com/trending?geo=DZ&category=17,,trends,medium,trend_page,trend_page_test,test,Google Trends Trending Now sports-category page added to cover a qualified World Cup team market.,dynamic_page; export_rss_csv_available_in_ui; automated_access_to_test,C,"High-value country/region trend signal, but dynamic page and export behavior must be tested before automation.",MVP-test
google_trends_sports_tn,Google Trends Sports - Tunisia,Africa,Tunisia,ar/fr,https://trends.google.com/trending?geo=TN&category=17,,trends,medium,trend_page,trend_page_test,test,Google Trends Trending Now sports-category page added to cover a qualified World Cup team market.,dynamic_page; export_rss_csv_available_in_ui; automated_access_to_test,C,"High-value country/region trend signal, but dynamic page and export behavior must be tested before automation.",MVP-test
google_trends_sports_za,Google Trends Sports - South Africa,Africa,South Africa,en,https://trends.google.com/trending?geo=ZA&category=17,,trends,medium,trend_page,trend_page_test,test,Google Trends Trending Now sports-category page added to cover a qualified World Cup team market.,dynamic_page; export_rss_csv_available_in_ui; automated_access_to_test,C,"High-value country/region trend signal, but dynamic page and export behavior must be tested before automation.",MVP-test
google_trends_sports_sa,Google Trends Sports - Saudi Arabia,Middle East,Saudi Arabia,ar,https://trends.google.com/trending?geo=SA&category=17,,trends,medium,trend_page,trend_page_test,test,Google Trends Trending Now sports-category page added to cover a qualified World Cup team market.,dynamic_page; export_rss_csv_available_in_ui; automated_access_to_test,C,"High-value country/region trend signal, but dynamic page and export behavior must be tested before automation.",MVP-test
google_trends_sports_qa,Google Trends Sports - Qatar,Middle East,Qatar,ar/en,https://trends.google.com/trending?geo=QA&category=17,,trends,medium,trend_page,trend_page_test,test,Google Trends Trending Now sports-category page added to cover a qualified World Cup team market.,dynamic_page; export_rss_csv_available_in_ui; automated_access_to_test,C,"High-value country/region trend signal, but dynamic page and export behavior must be tested before automation.",MVP-test
google_trends_sports_ir,Google Trends Sports - Iran,Middle East,Iran,fa,https://trends.google.com/trending?geo=IR&category=17,,trends,medium,trend_page,trend_page_test,test,Google Trends Trending Now sports-category page added to cover a qualified World Cup team market.,dynamic_page; export_rss_csv_available_in_ui; automated_access_to_test,C,"High-value country/region trend signal, but dynamic page and export behavior must be tested before automation.",MVP-test
google_trends_sports_iq,Google Trends Sports - Iraq,Middle East,Iraq,ar,https://trends.google.com/trending?geo=IQ&category=17,,trends,medium,trend_page,trend_page_test,test,Google Trends Trending Now sports-category page added to cover a qualified World Cup team market.,dynamic_page; export_rss_csv_available_in_ui; automated_access_to_test,C,"High-value country/region trend signal, but dynamic page and export behavior must be tested before automation.",MVP-test
google_trends_sports_jo,Google Trends Sports - Jordan,Middle East,Jordan,ar,https://trends.google.com/trending?geo=JO&category=17,,trends,medium,trend_page,trend_page_test,test,Google Trends Trending Now sports-category page added to cover a qualified World Cup team market.,dynamic_page; export_rss_csv_available_in_ui; automated_access_to_test,C,"High-value country/region trend signal, but dynamic page and export behavior must be tested before automation.",MVP-test
google_trends_sports_tr,Google Trends Sports - Türkiye,Europe / Middle East,Türkiye,tr,https://trends.google.com/trending?geo=TR&category=17,,trends,medium,trend_page,trend_page_test,test,Google Trends Trending Now sports-category page added to cover a qualified World Cup team market.,dynamic_page; export_rss_csv_available_in_ui; automated_access_to_test,C,"High-value country/region trend signal, but dynamic page and export behavior must be tested before automation.",MVP-test
google_trends_sports_ch,Google Trends Sports - Switzerland,Europe,Switzerland,de/fr/it,https://trends.google.com/trending?geo=CH&category=17,,trends,medium,trend_page,trend_page_test,test,Google Trends Trending Now sports-category page added to cover a qualified World Cup team market.,dynamic_page; export_rss_csv_available_in_ui; automated_access_to_test,C,"High-value country/region trend signal, but dynamic page and export behavior must be tested before automation.",MVP-test
google_trends_sports_be,Google Trends Sports - Belgium,Europe,Belgium,nl/fr/de,https://trends.google.com/trending?geo=BE&category=17,,trends,medium,trend_page,trend_page_test,test,Google Trends Trending Now sports-category page added to cover a qualified World Cup team market.,dynamic_page; export_rss_csv_available_in_ui; automated_access_to_test,C,"High-value country/region trend signal, but dynamic page and export behavior must be tested before automation.",MVP-test
google_trends_sports_hr,Google Trends Sports - Croatia,Europe,Croatia,hr,https://trends.google.com/trending?geo=HR&category=17,,trends,medium,trend_page,trend_page_test,test,Google Trends Trending Now sports-category page added to cover a qualified World Cup team market.,dynamic_page; export_rss_csv_available_in_ui; automated_access_to_test,C,"High-value country/region trend signal, but dynamic page and export behavior must be tested before automation.",MVP-test
google_trends_sports_se,Google Trends Sports - Sweden,Europe,Sweden,sv,https://trends.google.com/trending?geo=SE&category=17,,trends,medium,trend_page,trend_page_test,test,Google Trends Trending Now sports-category page added to cover a qualified World Cup team market.,dynamic_page; export_rss_csv_available_in_ui; automated_access_to_test,C,"High-value country/region trend signal, but dynamic page and export behavior must be tested before automation.",MVP-test
google_trends_sports_no,Google Trends Sports - Norway,Europe,Norway,no,https://trends.google.com/trending?geo=NO&category=17,,trends,medium,trend_page,trend_page_test,test,Google Trends Trending Now sports-category page added to cover a qualified World Cup team market.,dynamic_page; export_rss_csv_available_in_ui; automated_access_to_test,C,"High-value country/region trend signal, but dynamic page and export behavior must be tested before automation.",MVP-test
google_trends_sports_at,Google Trends Sports - Austria,Europe,Austria,de,https://trends.google.com/trending?geo=AT&category=17,,trends,medium,trend_page,trend_page_test,test,Google Trends Trending Now sports-category page added to cover a qualified World Cup team market.,dynamic_page; export_rss_csv_available_in_ui; automated_access_to_test,C,"High-value country/region trend signal, but dynamic page and export behavior must be tested before automation.",MVP-test
google_trends_sports_cz,Google Trends Sports - Czechia,Europe,Czechia,cs,https://trends.google.com/trending?geo=CZ&category=17,,trends,medium,trend_page,trend_page_test,test,Google Trends Trending Now sports-category page added to cover a qualified World Cup team market.,dynamic_page; export_rss_csv_available_in_ui; automated_access_to_test,C,"High-value country/region trend signal, but dynamic page and export behavior must be tested before automation.",MVP-test
google_trends_sports_ba,Google Trends Sports - Bosnia and Herzegovina,Europe,Bosnia and Herzegovina,bs/hr/sr,https://trends.google.com/trending?geo=BA&category=17,,trends,medium,trend_page,trend_page_test,test,Google Trends Trending Now sports-category page added to cover a qualified World Cup team market.,dynamic_page; export_rss_csv_available_in_ui; automated_access_to_test,C,"High-value country/region trend signal, but dynamic page and export behavior must be tested before automation.",MVP-test
google_trends_sports_pa,Google Trends Sports - Panama,Central America,Panama,es,https://trends.google.com/trending?geo=PA&category=17,,trends,medium,trend_page,trend_page_test,test,Google Trends Trending Now sports-category page added to cover a qualified World Cup team market.,dynamic_page; export_rss_csv_available_in_ui; automated_access_to_test,C,"High-value country/region trend signal, but dynamic page and export behavior must be tested before automation.",MVP-test
google_trends_sports_ht,Google Trends Sports - Haiti,Caribbean,Haiti,fr/ht,https://trends.google.com/trending?geo=HT&category=17,,trends,medium,trend_page,trend_page_test,test,Google Trends Trending Now sports-category page added to cover a qualified World Cup team market.,dynamic_page; export_rss_csv_available_in_ui; automated_access_to_test,C,"High-value country/region trend signal, but dynamic page and export behavior must be tested before automation.",MVP-test
google_trends_sports_cv,Google Trends Sports - Cape Verde,Africa,Cape Verde,pt,https://trends.google.com/trending?geo=CV&category=17,,trends,medium,trend_page,trend_page_test,test,Google Trends Trending Now sports-category page added to cover a qualified World Cup team market.,dynamic_page; export_rss_csv_available_in_ui; automated_access_to_test,C,"High-value country/region trend signal, but dynamic page and export behavior must be tested before automation.",MVP-test
google_trends_sports_cw,Google Trends Sports - Curaçao,Caribbean,Curaçao,nl/pap,https://trends.google.com/trending?geo=CW&category=17,,trends,medium,trend_page,trend_page_test,test,Google Trends Trending Now sports-category page added to cover a qualified World Cup team market.,dynamic_page; export_rss_csv_available_in_ui; automated_access_to_test,C,"High-value country/region trend signal, but dynamic page and export behavior must be tested before automation.",MVP-test
google_trends_sports_ci,Google Trends Sports - Ivory Coast,Africa,Ivory Coast,fr,https://trends.google.com/trending?geo=CI&category=17,,trends,medium,trend_page,trend_page_test,test,Google Trends Trending Now sports-category page added to cover a qualified World Cup team market.,dynamic_page; export_rss_csv_available_in_ui; automated_access_to_test,C,"High-value country/region trend signal, but dynamic page and export behavior must be tested before automation.",MVP-test
google_trends_sports_cd,Google Trends Sports - DR Congo,Africa,DR Congo,fr,https://trends.google.com/trending?geo=CD&category=17,,trends,medium,trend_page,trend_page_test,test,Google Trends Trending Now sports-category page added to cover a qualified World Cup team market.,dynamic_page; export_rss_csv_available_in_ui; automated_access_to_test,C,"High-value country/region trend signal, but dynamic page and export behavior must be tested before automation.",MVP-test
google_trends_sports_uz,Google Trends Sports - Uzbekistan,Asia,Uzbekistan,uz/ru,https://trends.google.com/trending?geo=UZ&category=17,,trends,medium,trend_page,trend_page_test,test,Google Trends Trending Now sports-category page added to cover a qualified World Cup team market.,dynamic_page; export_rss_csv_available_in_ui; automated_access_to_test,C,"High-value country/region trend signal, but dynamic page and export behavior must be tested before automation.",MVP-test
official_fifa_teams_2026,FIFA World Cup 2026 Teams,Global,Global,en,https://www.fifa.com/en/tournaments/mens/worldcup/canadamexicousa2026/teams,,official,high,official_reference,manual_reference,reference,Official FIFA teams page. Use for team entity coverage and manual validation of qualified teams.,official_reference; dynamic_page_possible; not_primary_hotspot_feed,D,Authoritative for team metadata but not a live hot-topic source.,reference
official_fifa_qualified_teams_2026,FIFA Qualified Teams for World Cup 2026,Global,Global,en,https://www.fifa.com/en/tournaments/mens/worldcup/canadamexicousa2026/articles/world-cup-2026-who-has-qualified,,official,high,reference_article,manual_reference,reference,Official FIFA article listing teams that qualified for the 2026 World Cup. Use for team coverage checks.,official_reference; article_page; use_for_manual_validation,D,Useful for authoritative team list validation; not a recurring news feed.,reference
media_ap_news_soccer,AP News Soccer,Global / US,United States,en,https://apnews.com/hub/soccer,,media,medium,news_list,html_list_test,test,Global wire-style soccer coverage. Useful for neutral news source and broad match stories.,html_structure_to_verify; limited_items_possible; title_summary_only,B,"Likely parseable news-list page, but selector stability should be tested.",MVP-test
media_aljazeera_football,Al Jazeera Football,Middle East / Global,Qatar / Global,en,https://www.aljazeera.com/sports/football/,,media,medium,football_homepage,html_list_test,test,"Useful for Middle East and global football coverage, especially Qatar/Saudi/Iran/Iraq/Jordan perspectives.",html_structure_to_verify; many_modules_possible; title_summary_only,B,Relevant regional/global football page; parseability needs selector testing.,MVP-test
media_bein_sports_football,beIN SPORTS Football,Middle East / Global,Qatar / Global,en,https://www.beinsports.com/en-us/soccer,,media,medium,football_homepage,html_list_test,test,Useful for Middle East and international football narratives; test page modules before MVP use.,dynamic_page_possible; many_modules_possible; title_summary_only,C,Potentially dynamic/module-heavy page; test before inclusion.,later-test
media_supersport_football,SuperSport Football,Africa,South Africa / Africa,en,https://supersport.com/football,,media,medium,football_homepage,html_list_test,test,"Useful for African football coverage and World Cup teams such as South Africa, Ghana, Senegal, Morocco, Egypt, Algeria and others.",dynamic_page_possible; html_structure_to_verify; Africa_coverage,C,Valuable regional source but likely dynamic; test parseability first.,later-test
media_abola_futebol,A Bola Futebol,Portugal / Lusophone,Portugal,pt,https://www.abola.pt/futebol,,media,medium,football_homepage,html_list_test,test,Portuguese football source; useful for Portugal narratives and Lusophone comparison with Brazil.,html_structure_to_verify; Portuguese_terms_needed,B,Potentially useful section page; selectors and item structure need testing.,MVP-test
media_voetbalinternational,Voetbal International Football,Netherlands,Netherlands,nl,https://www.vi.nl/voetbal,,media,medium,football_homepage,html_list_test,test,Dutch football source; useful for Netherlands narratives and Dutch-language topic detection.,html_structure_to_verify; Dutch_terms_needed,B,Potentially useful section page; selectors and item structure need testing.,MVP-test
